source,author,title,description,url,urlToImage,publishedAt,content,coin_tags
"{'id': None, 'name': 'Yahoo Entertainment'}",Bibhu Pattnaik,Forget Dogecoin And Shiba Inu — Crypto Analyst Sees This Coin Surging 100%,"A crypto analyst has forecasted a 100% increase for Pepe (CRYPTO: PEPE), a mid-cap competitor to Dogecoin (CRYPTO: DOGE) and Shiba Inu (CRYPTO: SHIB...",https://finance.yahoo.com/news/forget-dogecoin-shiba-inu-crypto-200209860.html,https://media.zenfs.com/en/benzinga_79/e6e8f4d70363567dcdafaee1d154aca4,2025-04-28T20:02:09Z,"Benzinga and Yahoo Finance LLC may earn commission or revenue on some items through the links below.
A crypto analyst has forecasted a 100% increase for Pepe (CRYPTO: PEPE), a mid-cap competitor to … [+2111 chars]","dogecoin, shiba inu"
"{'id': None, 'name': 'CoinDesk'}",Omkar Godbole,"Shiba Inu Breaks Free From Downtrend as Bitcoin Eyes $100K, Dogecoin Sees Accumulation Around 18 Cents",Check what HUMINT and TECHINT has to say about the price trajectory of BTC and major meme coins.,https://www.coindesk.com/markets/2025/04/25/shiba-inu-breaks-free-from-downtrend-dogecoin-sees-accumulation-around-18-cents,https://cdn.sanity.io/images/s3y3vcno/production/5516ffa9b809126c39612f0ace496ff4562a9989-1500x814.png?auto=format,2025-04-25T13:03:46Z,"Bitcoin's (BTC) recent uptrend has likely set the stage for a six-figure price mark, catalyzing increased trading activity in the memecoin sector, where DOGE and SHIB are seeing bullish activity.
BT… [+2144 chars]","dogecoin, shiba inu"
"{'id': None, 'name': 'CoinDesk'}",AI Boost,Shiba Inu (SHIB) Price Drops 7% in 24 Hours but Remains Up 25% Over the Past Month,Meme token faces significant downward pressure amid shifting economic conditions despite positive developments in US-China trade relations.,https://www.coindesk.com/markets/2025/05/15/shiba-inu-shib-price-drops-7-in-24-hours-but-remains-up-25-over-the-last-month,https://cdn.sanity.io/images/s3y3vcno/production/90a609f871a6913f8a8fab305cd109aa1979b72a-700x430.png?auto=format,2025-05-15T14:58:03Z,"The cryptocurrency market is feeling the effects of shifting global economic conditions as Shiba Inu (SHIB) faces significant downward pressure. 
The meme token's recent price action shows a clear d… [+2058 chars]",shiba inu
"{'id': None, 'name': 'Biztoc.com'}",ambcrypto.com,"3,333,333 SHIB burned in 24 hours – Coincidence or hidden signal?","A significant amount of SHIB was burned in the last 24 hours, decreasing the available supply in the market.
- Buying activity has since surged in the spot market, with U.S. investors adding to the catalyst.
Shiba Inu [SHIB] has remained on the low end despit…",https://biztoc.com/x/b1035e63a1ef6ddd,https://biztoc.com/cdn/b1035e63a1ef6ddd_s.webp,2025-05-19T14:15:58Z,"A significant amount of SHIB was burned in the last 24 hours, decreasing the available supply in the market.- Buying activity has since surged in the spot market, with U.S. investors adding to the ca… [+150 chars]",shiba inu
"{'id': None, 'name': 'Yahoo Entertainment'}",Khyathi Dalal,"Bitcoin, Ethereum, XRP, Dogecoin Grind Up On Tuesday As Traders Hope For 'Red Monday, Green Week'","The crypto market opened the week with volatility but is showing signs of strength, as Bitcoin rebounded to touch $105,000. Institutional adoption continues ...",https://finance.yahoo.com/news/bitcoin-ethereum-xrp-dogecoin-grind-180116957.html,https://media.zenfs.com/en/benzinga_79/f96605110159f4c82953a97a2ebfeb7f,2025-05-21T18:01:16Z,"Benzinga and Yahoo Finance LLC may earn commission or revenue on some items through the links below.
The crypto market opened the week with volatility but is showing signs of strength, as Bitcoin re… [+2376 chars]",dogecoin
"{'id': None, 'name': 'CoinDesk'}",Oliver Knight,Trump Family Profited $320M on Memecoin Despite 87% Decline Since Day One,Data from Chainalysis show the creators of the TRUMP token made $320 million in fees while retail investors lost money.,https://www.coindesk.com/business/2025/05/09/trump-family-profited-usd320m-on-memecoin-despite-87-decline-since-day-one,https://cdn.sanity.io/images/s3y3vcno/production/def0d98b21aeaaed3c0847566a33f7c63142d271-4032x3024.jpg?auto=format,2025-05-09T16:42:31Z,"U.S. President Donald Trump has come a long way since he said the value of crypto was based on thin air in 2019. So much so that he is now one of the sectors largest proponents, foraying into memecoi… [+4704 chars]",memecoin
"{'id': None, 'name': 'Yahoo Entertainment'}",,Can Shiba Inu Reach $1 in 2030?,,https://consent.yahoo.com/v2/collectConsent?sessionId=1_cc-session_660a8671-36cb-47ef-9a96-febdcc212f9a,,2025-04-29T10:23:00Z,"If you click 'Accept all', we and our partners, including 240 who are part of the IAB Transparency &amp; Consent Framework, will also store and/or access information on a device (in other words, use … [+702 chars]",shiba inu
"{'id': None, 'name': 'CoinDesk'}",AI Boost,SHIB Slides 5% but Finds Support as Loyal Holders Hold Their Ground,"SHIB dropped 5% on high volume but found support near $0.00001440. With over 1.13M loyal holders and ecosystem updates ahead, long-term sentiment stays firm.",https://www.coindesk.com/markets/2025/05/24/shib-slides-5-but-finds-support-as-loyal-holders-hold-their-ground,https://cdn.sanity.io/images/s3y3vcno/production/6d04d6d08e919db20ae44bbb9a65f3f26cba84db-700x430.png,2025-05-24T15:31:44Z,"Shiba Inu (SHIB) has stabilized following significant price volatility, establishing a consolidation pattern between $0.00001440 and $0.00001456. 
The meme token faced intense selling pressure with … [+2121 chars]",other
"{'id': None, 'name': 'Yahoo Entertainment'}",Khyathi Dalal,"Bitcoin, Ethereum, XRP, Dogecoin Open Green As China Announces Liquidity Injection Ahead Of Fed Interest Rate Decision","Major cryptocurrencies are seeing a green start to the week, buoyed by improving macro sentiment as markets await today's FOMC decision and ongoing U.S...",https://finance.yahoo.com/news/bitcoin-ethereum-xrp-dogecoin-open-204350151.html,https://media.zenfs.com/en/benzinga_79/c54815fabd9b2d70f8350c6a92cd96d6,2025-05-07T20:43:50Z,"Benzinga and Yahoo Finance LLC may earn commission or revenue on some items through the links below.
Major cryptocurrencies are seeing a green start to the week, buoyed by improving macro sentiment … [+3432 chars]",dogecoin
"{'id': None, 'name': 'CoinDesk'}",AI Boost,SHIB Spikes Then Reverses Sharply as Whale Activity Turns Bearish,"Shiba Inu’s price swings reveal quick gains and sharp reversals, while on-chain data shows whales reducing exposure, hinting at short-term bearish pressure.",https://www.coindesk.com/markets/2025/05/21/shib-spikes-then-reverses-sharply-as-whale-activity-turns-bearish,https://cdn.sanity.io/images/s3y3vcno/production/2fda00179f2568624e3f6420cd382a9d0d35d508-700x430.png,2025-05-21T08:35:04Z,"Shiba Inu has displayed conflicting market indicators in recent trading sessions. The token initially demonstrated bullish momentum with significant volume support, but this quickly gave way to inten… [+1723 chars]",shiba inu
"{'id': None, 'name': 'Bitcoinist'}",Scott Matherson,Why Is Dogecoin And Shiba Inu Surging Today?,"Dogecoin and Shiba Inu are surging today, providing a bullish outlook for the foremost meme coins, which have traded sideways for a while now. This price surge has come following developments on the macro side, which have provided some form of market clarity.…",https://bitcoinist.com/dogecoin-and-shiba-inu-surging/,https://bitcoinist.com/wp-content/uploads/2025/05/Dogecoin-from-iStock-2.jpg,2025-05-09T04:36:55Z,"Dogecoin and Shiba Inu are surging today, providing a bullish outlook for the foremost meme coins, which have traded sideways for a while now. This price surge has come following developments on the … [+2666 chars]","dogecoin, shiba inu"
"{'id': None, 'name': 'BetaNews'}",John Bravo,"Microsoft's crypto payment gateway, bridging traditional and digital finance","Now that digital currencies are becoming more popular, Microsoft has introduced its Crypto Payment Gateway. It was created to let merchants use crypto while benefiting from the protection, stability, and ease of use that standard finance offers. The gateway c…",https://betanews.com/2025/05/23/microsofts-crypto-payment-gateway-bridging-traditional-and-digital-finance/,https://betanews.com/wp-content/uploads/2025/05/2506d047-d770-4893-944c-ae22f2bf79ce-50x50.jpeg,2025-05-23T17:50:21Z,"Now that digital currencies are becoming more popular, Microsoft has introduced its Crypto Payment Gateway. 
It was created to let merchants use crypto while benefiting from the protection, stabilit… [+5496 chars]",other
"{'id': None, 'name': 'newsBTC'}",Scott Matherson,Analyst Says This Dogecoin And Shiba Inu Contender Could See ‘Impulsive Move’,"Dogecoin and Shiba Inu remain the top leaders when it comes to meme coins, but others have been creeping up as fierce contenders over time. Back in 2021, when the original meme coin bull run started, the likes of FLOKI had crept up from the shadows to also be…",http://www.newsbtc.com/meme-coins/dogecoin-shiba-inu-contender/,https://www.newsbtc.com/wp-content/uploads/2024/08/GVRN4TqXEAAVZm0.jpg?fit=1920%2C1076,2025-05-23T07:00:59Z,"Strict editorial policy that focuses on accuracy, relevance, and impartiality
Created by industry experts and meticulously reviewed
The highest standards in reporting and publishing
Strict editori… [+2632 chars]","dogecoin, shiba inu"
"{'id': None, 'name': 'CoinDesk'}",AI Boost,SHIB Jumps Nearly 7% as Bulls Break Through Resistance on Heavy Buying,The popular meme token shows remarkable resilience despite 80% of holders underwater on their investments.,https://www.coindesk.com/markets/2025/05/20/shib-jumps-nearly-7-as-bulls-break-through-resistance-on-heavy-buying,https://cdn.sanity.io/images/s3y3vcno/production/b7ebef700371b465badae81d1307df750c97a736-700x430.png,2025-05-20T09:47:10Z,"The Shiba Inu token has demonstrated remarkable resilience despite broader market volatility, successfully breaking through key resistance levels while maintaining position above all major moving ave… [+1982 chars]",other
"{'id': None, 'name': 'Cointelegraph'}",Cointelegraph by Christopher Tepedino,"Bitget, Avalanche form crypto partnership in India","Bitget, a cryptocurrency exchange with 100 million users, has announced a partnership with Avalanche to support community initiatives across India, one of the fastest-growing areas for crypto and Web3 developers.The partnership will see at least $10 million d…",https://cointelegraph.com/news/bitget-avalanche-form-partnership-to-boost-crypto-in-india,"https://images.cointelegraph.com/cdn-cgi/image/format=auto,onerror=redirect,quality=90,width=1200/https://s3.cointelegraph.com/uploads/2025-04/019682a1-c32b-7151-8c1c-dc9798106cf3",2025-04-29T19:20:00Z,"Bitget, a cryptocurrency exchange with 100 million users, has announced a partnership with Avalanche to support community initiatives across India, one of the fastest-growing areas for crypto and Web… [+1860 chars]",other
"{'id': None, 'name': 'CoinDesk'}",AI Boost,"SHIB Plunges 7.4% in One Week, but Market Sentiment Remains Cautiously Optimistic","Institutional investors accumulate despite volatility, with 109 new SHIB millionaire wallets emerging in April.",https://www.coindesk.com/markets/2025/05/05/shib-plunges-7-4-in-one-week-but-market-sentiment-remains-cautiously-optimistic,https://cdn.sanity.io/images/s3y3vcno/production/2f949e6fd37cf974ea5d324f038cf20b69b61afe-700x430.png?auto=format,2025-05-05T19:52:38Z,"The cryptocurrency market continues to reflect broader economic uncertainties as Shiba Inu (SHIB) faces significant downward pressure. 
Recent price action shows SHIB testing critical support at $0.… [+2546 chars]",other
"{'id': None, 'name': 'Bitcoinist'}",Scott Matherson,This Dogecoin Rival Is Set For An Over 100% Pump – It’s Not Shiba Inu,"Crypto analyst The Alchemist has predicted that the Dogecoin rival Baby Doge is set for a price surge of over 100%. The analyst highlighted a bullish pattern for the meme coin, which could spark this price surge while other meme coins like Shiba Inu remain in…",https://bitcoinist.com/dogecoin-rival-100-pump/,https://bitcoinist.com/wp-content/uploads/2025/05/Dogecoin-from-Getty-Images-12.jpg,2025-05-02T04:45:57Z,"Crypto analyst The Alchemist has predicted that the Dogecoin rival Baby Doge is set for a price surge of over 100%. The analyst highlighted a bullish pattern for the meme coin, which could spark this… [+3028 chars]","dogecoin, shiba inu"
"{'id': None, 'name': 'Bitcoinist'}",Scott Matherson,"Shiba Inu Large Transaction Volumes Crash 49% In One Day, Are Whales Leaving?","Shiba Inu whales have been known to make their presence known during major market moves, and the recent price recovery was no different. In the last week, these large investors have been returning to the market in varying degrees to take advantage of the Shib…",https://bitcoinist.com/shiba-inu-large-transaction-49/,https://bitcoinist.com/wp-content/uploads/2024/06/Shiba-Inu-15.webp,2025-05-15T12:00:13Z,"Shiba Inu whales have been known to make their presence known during major market moves, and the recent price recovery was no different. In the last week, these large investors have been returning to… [+2547 chars]",shiba inu
"{'id': None, 'name': 'newsBTC'}",Scott Matherson,Shiba Inu Marks Major Milestone Amid Market Rebound Toward $0.00002,"Amid the flurry of new activity spurred by the crypto market recovery, Shiba Inu has marked a new milestone that shows continuous growth even through the bear market. The meme coin has now hit a new all-time high in terms of holders, showing that it remains a…",http://www.newsbtc.com/shiba-inu/shiba-inu-major-milestone/,https://www.newsbtc.com/wp-content/uploads/2024/09/Shiba-Inu-.jpeg?fit=1792%2C1024,2025-05-09T12:00:37Z,"Strict editorial policy that focuses on accuracy, relevance, and impartiality
Created by industry experts and meticulously reviewed
The highest standards in reporting and publishing
Strict editori… [+3111 chars]",shiba inu
"{'id': None, 'name': 'ZyCrypto'}",Olivia Brooke,"Ether, XRP, Shiba Inu, Cardano, Solana Explosion In The Cards As Market Sees Renewed ‘AltSeason’ FOMO","While Shiba Inu’s price has declined alongside its trading volume, May has historically been a bullish month for the memecoin.",https://zycrypto.com/ether-xrp-shiba-inu-cardano-solana-explosion-in-the-cards-as-market-sees-renewed-altseason-fomo/,https://zycrypto.com/wp-content/uploads/2024/03/Altcoins-Are-About-to-Explode-—-Analyst-Prediction-For-Ether-Solana-XRP-Cardano-Shiba-Inu-PEPE.jpg,2025-05-01T18:00:00Z,"Bitcoins recent upclimb to the $94,000 to $97,000 price levels has boosted positive sentiments amongst altcoin proponents. Notably, there has been a renewed interest in meme coins.
Retail traders ar… [+1820 chars]","shiba inu, memecoin"
"{'id': None, 'name': 'Yahoo Entertainment'}",Khyathi Dalal,"Bitcoin, Ethereum, XRP, Dogecoin Down As Sentiment Turns To Greed",Major cryptocurrencies are trading lower in early Thursday hours despite ongoing institutional demand and cooling inflation data. Sentiment has shifted...,https://finance.yahoo.com/news/bitcoin-ethereum-xrp-dogecoin-down-213158969.html,https://media.zenfs.com/en/benzinga_79/5621291d868a1c8d086f527d2f2ab6dd,2025-05-16T21:31:58Z,"Benzinga and Yahoo Finance LLC may earn commission or revenue on some items through the links below.
Major cryptocurrencies are trading lower in early Thursday hours despite ongoing institutional de… [+3213 chars]",dogecoin
"{'id': None, 'name': 'Neowin'}",David Uzondu,Stolen credentials linked to compromised DOGE employee found circulating online,A new report has surfaced that the credentials of a DOGE software engineer were present in multiple public dumps from info-stealer malware infections. Read more...,https://www.neowin.net/news/stolen-credentials-linked-to-compromised-doge-employee-found-circulating-online/,https://cdn.neowin.com/news/images/uploaded/2025/05/1746740927_doge_story.jpg,2025-05-09T06:10:01Z,"If you're an American, or more broadly, a human connected to the internet, you've probably heard of DOGE by now. Not the joke cryptocurrency based on a Shiba Inu dog meme. No, this is the other DOGE,… [+3792 chars]",other
"{'id': None, 'name': 'The Daily Hodl'}",Mark Emem,"Trader Says Dogecoin and Shiba Inu Rival Mirroring 2024 Pattern That Led to 370%+ Surge, Predicts 2x Rally","A widely followed crypto analyst and trader is leaning bullish on a mid-cap Dogecoin (DOGE) and Shiba Inu (SHIB) competitor. Pseudonymous analyst Altcoin Sherpa tells his 244,900 followers on the social media platform X that Pepe (PEPE) memecoin is primed to …",https://dailyhodl.com/2025/04/26/trader-says-dogecoin-and-shiba-inu-rival-mirroring-2024-pattern-that-led-to-370-surge-predicts-2x-rally/,https://dailyhodl.com/wp-content/uploads/2025/04/Rival-Mirroring-2024-Pattern.jpg,2025-04-26T13:30:11Z,"A widely followed crypto analyst and trader is leaning bullish on a mid-cap Dogecoin (DOGE) and Shiba Inu (SHIB) competitor.
Pseudonymous analyst Altcoin Sherpa tells his 244,900 followers on the so… [+1416 chars]","dogecoin, shiba inu, memecoin"
"{'id': None, 'name': 'newsBTC'}",Christian Encila,Shiba Inu Could Erupt 500%—Analyst Sounds The Alarm,"Shiba Inu (SHIB) might have its price increase more than fivefold from where it is now, based on recent market analysis. The meme coin trades at $0.0000125, down 3% from its daily high and 9% within the last seven days. In spite of these latest plunges, an an…",http://www.newsbtc.com/altcoin/shiba-inu-could-erupt-500-analyst-sounds-the-alarm/,https://www.newsbtc.com/wp-content/uploads/2025/05/a_eb86db.jpg?fit=3000%2C1995,2025-05-06T20:00:18Z,"They say journalists never truly clock out. But for Christian, that's not just a metaphor, it's a lifestyle. By day, he navigates the ever-shifting tides of the cryptocurrency market, wielding words … [+2792 chars]",shiba inu
"{'id': None, 'name': 'Cointelegraph'}",Cointelegraph by Amin Haqshanas,"Crypto awareness in Singapore hits record 94%, but ownership falls","Crypto awareness in Singapore has reached an all-time high, with 94% of respondents in a recent survey indicating familiarity with at least one digital asset.However, ownership has declined, falling to 29% in 2024 from 40% in 2023, according to Independent Re…",https://cointelegraph.com/news/singapore-crypto-awareness-2024-survey,"https://images.cointelegraph.com/cdn-cgi/image/format=auto,onerror=redirect,quality=90,width=1200/https://s3.cointelegraph.com/uploads/2025-05/0196f795-8909-7cf5-b524-10aa76a4496d",2025-05-22T11:21:24Z,"Crypto awareness in Singapore has reached an all-time high, with 94% of respondents in a recent survey indicating familiarity with at least one digital asset.
However, ownership has declined, fallin… [+2701 chars]",other
"{'id': 'newsweek', 'name': 'Newsweek'}",Melissa Fleur Afshar,Owners Move Home With 'Spoiled' Shiba Inu—Then She Discovers Guest Room,"Zoe McDoom, Boots' owner, told Newsweek: ""She treats it like her own room and puts herself to bed every night.""",https://www.newsweek.com/owners-move-home-spoiled-shiba-inu-2074625,https://d.newsweek.com/en/full/2647884/shiba-inu-boots-sits-favorite-bed.png,2025-05-20T15:23:44Z,"A Shiba Inu named Boots has stolen the hearts of viewers on TikTok after a video showed her claiming the guest room in her owners' new Philadelphia home as her own, prompting laughter and calls for t… [+2252 chars]",shiba inu
"{'id': None, 'name': 'Cointelegraph'}",Cointelegraph by Nancy Lubale,BONK price gains 60% in a week as Solana memecoins make a comeback,"Key takeaways:<ul><li>BONK price is up 73% since April 22, hitting a five-month high of $0.00002167.
</li><li>BONK’s open interest surged 290% to $43.2 million. 
</li></ul>Bonk (BONK), the second-largest Solana-based memecoin by market capitalization, is on…",https://cointelegraph.com/news/bonk-price-gains-60-in-a-week-as-solana-memecoins-make-a-comeback,"https://images.cointelegraph.com/cdn-cgi/image/format=auto,onerror=redirect,quality=90,width=1200/https://s3.cointelegraph.com/uploads/2025-04/01967d66-8683-74ee-b66e-4634e248eb21",2025-04-29T00:15:00Z,"Key takeaways:
<ul><li>BONK price is up 73% since April 22, hitting a five-month high of $0.00002167.
</li><li>BONKs open interest surged 290% to $43.2 million. 
</li></ul>Bonk (BONK), the second-… [+4494 chars]",memecoin
"{'id': None, 'name': 'Bitcoinist'}",Scott Matherson,Shiba Inu Price Poised For Massive 17X Explosion As SHIB Hits Prime Buy Zone,"Shiba Inu’s price action has been mostly quiet in the past few weeks, but this could be changing soon with an explosive move. A recent analysis by CryptoELlTES on the social media platform X pointed to a massive 17X move for the Shiba Inu price. The analyst s…",https://bitcoinist.com/shiba-inu-price-poised-for-massive-17x-explosion-as-shib-hits-prime-buy-zone/,https://bitcoinist.com/wp-content/uploads/2025/04/a_2e3d6c.jpg,2025-04-27T20:00:34Z,"Shiba Inu’s price action has been mostly quiet in the past few weeks, but this could be changing soon with an explosive move. A recent analysis by CryptoELlTES on the social media platform X pointed … [+2814 chars]",shiba inu
"{'id': None, 'name': 'Coinjournal.net'}",Collaborations,Experts are backing these 5 meme coins to lead the charge in creating millionaires this decade,XYZVerse ($XYZ) has brought a brand-new concept to the memecoin niche. XYZVerse is aiming higher than the average meme coin. It has recently earned the title of Best New Meme Project. Industry insiders are pointing to a select group of meme coins that could l…,https://coinjournal.net/news/experts-are-backing-these-5-meme-coins-to-lead-the-charge-in-creating-millionaires-this-decade/,https://coinjournal.net/wp-content/uploads/2025/04/meme5coins.jpg,2025-04-30T16:42:42Z,"XYZVerse ($XYZ) has brought a brand-new concept to the memecoin niche by blending the excitement of sports with the fast-moving energy of crypto.
Designed for hardcore fans of football, basketball, … [+7079 chars]",memecoin
"{'id': None, 'name': 'Biztoc.com'}",coindesk.com,"Shiba Inu Breaks Free From Downtrend as Bitcoin Eyes $100K, Dogecoin Sees Accumulation Around 18 Cents","Bitcoin's (BTC) recent uptrend has likely set the stage for a six-figure price mark, catalyzing increased trading activity in the memecoin sector, where DOGE and SHIB are seeing bullish activity.
BTC, the leading cryptocurrency by market value, briefly topped…",https://biztoc.com/x/26f9114ec259c9bb,https://biztoc.com/cdn/26f9114ec259c9bb_s.webp,2025-04-25T13:53:48Z,"Bitcoin's (BTC) recent uptrend has likely set the stage for a six-figure price mark, catalyzing increased trading activity in the memecoin sector, where DOGE and SHIB are seeing bullish activity.BTC,… [+143 chars]","dogecoin, shiba inu, memecoin"
"{'id': None, 'name': 'newsBTC'}",Scott Matherson,"Shiba Inu Price Closes 3rd Consecutive Green Week, Why This Analyst Predicts 1,479% Surge To ATHs","Despite not being in the spotlight recently like its counterpart Dogecoin, the Shiba Inu price has managed to exceed expectations and close three consecutive green weeks. The meme coin is showing signs of bullish continuation after a long stretch of consolida…",http://www.newsbtc.com/shiba-inu/shiba-inu-price-green-week/,https://www.newsbtc.com/wp-content/uploads/2024/06/Shiba-Inu-1.jpeg?fit=1792%2C1024,2025-04-28T06:00:45Z,"Scott Matherson is a prominent crypto writer at NewsBTC with a knack for capturing the pulse of the market, covering pivotal shifts, technological advancements, and regulatory changes with precision.… [+3106 chars]","dogecoin, shiba inu"
"{'id': None, 'name': 'Bitcoinist'}",Scott Matherson,"Shiba Inu 1,000-Day Consolidation To End In 400% Pop To New All-Time Highs – Analyst","Crypto analyst Andy has predicted that the Shiba Inu price could soon rally to new all-time highs (ATHs). He remarked that the meme coin appears poised to break out from a 1000-day consolidation pattern, which could spark this parabolic rally.  Shiba Inu Set …",https://bitcoinist.com/shiba-inu-1000-day-consolidation/,https://bitcoinist.com/wp-content/uploads/2025/05/Shiba-Inu-from-Unsplash.jpeg,2025-05-17T16:00:55Z,Crypto analyst Andy has predicted that the Shiba Inu price could soon rally to new all-time highs (ATHs). He remarked that the meme coin appears poised to break out from a 1000-day consolidation patt… [+2720 chars],shiba inu
"{'id': None, 'name': 'Ambcrypto.com'}",Gladys Makena,Shiba Inu: 1 trillion SHIB tokens bought: How will prices react?,Shiba Inu buyers are back in the market with both whales and retailers aggressively accumulating.,https://ambcrypto.com/shiba-inu-whales-scoop-1-trillion-tokens-assessing-impact-of-shib-prices/,https://ambcrypto.com/wp-content/uploads/2025/05/Gladys-55-1000x600.jpg,2025-05-20T13:00:34Z,<ul><li>SHIB was experiencing massive demand from whales and retailers.</li><li>Shiba Inu could rally to $0.000017 if the accumulation trend continues.</li></ul>After a period of net seller dominance… [+2995 chars],shiba inu
"{'id': None, 'name': 'Ambcrypto.com'}",Gladys Makena,Shiba Inu’s widespread dumping from 2 key groups – Sell pressure rising?,"Shiba Inu is experiencing massive selling pressure, with whales offloading 359 billion tokens.",https://ambcrypto.com/shiba-inus-widespread-dumping-from-2-key-groups-sell-pressure-rising/,https://ambcrypto.com/wp-content/uploads/2025/05/Gladys-24-1000x600.jpg,2025-05-04T04:00:38Z,<ul><li>Shiba Inu faced heavy sell pressure as whales offloaded 359 billion tokens in a single day.</li><li>SHIB saw broad-based selling as all market cohorts rushed to exit positions.</li></ul>As Sh… [+2949 chars],shiba inu
"{'id': None, 'name': 'Bitcoinist'}",Scott Matherson,Here’s What The Shiba Inu Large Transaction Volume Says About The SHIB Price,"Shiba Inu’s price action in the past seven days has been marked by a decline from $0.00001514, struggling to keep up an upward momentum. After briefly touching $0.00001514 on April 26 following Bitcoin’s rally, SHIB has since pulled back and is currently hove…",https://bitcoinist.com/shiba-inu-large-transaction-volume/,https://bitcoinist.com/wp-content/uploads/2025/05/Shiba-Inu-from-Adobe-Stock-13.jpg,2025-05-02T04:46:56Z,"Shiba Inu’s price action in the past seven days has been marked by a decline from $0.00001514, struggling to keep up an upward momentum. After briefly touching $0.00001514 on April 26 following Bitco… [+3013 chars]",shiba inu
"{'id': None, 'name': 'Forbes'}","Mark Travers, Contributor, 
 Mark Travers, Contributor
 https://www.forbes.com/sites/traversmark/",What Would A 1925 Time Traveler Think Of Today’s ‘Meme Culture’? A Psychologist Explains,"A meme is a shortcut to a universal human emotion. But to someone from a century ago, modern memes would be unintelligible gibberish.",https://www.forbes.com/sites/traversmark/article/what-would-a-1925-time-traveler-think-of-todays-meme-culture-a-psychologist-explains/,https://imageio.forbes.com/specials-images/imageserve/681305a098d9cc8f70f52180/0x0.jpg?format=jpg&height=900&width=1600&fit=bounds,2025-05-01T16:30:15Z,"A meme is a shortcut to a universal human emotion. But to someone from a century ago, modern memes ... More would be unintelligible gibberish.
getty
Ironically, the word meme predates the internet.… [+5897 chars]",other
"{'id': None, 'name': 'Biztoc.com'}",ambcrypto.com,Shiba Inu’s widespread dumping from 2 key groups – Sell pressure rising?,"Shiba Inu faced heavy sell pressure as whales offloaded 359 billion tokens in a single day.
- SHIB saw broad-based selling as all market cohorts rushed to exit positions.
As Shiba Inu [SHIB] struggles, the memecoin is facing strong selling pressure. Amidst th…",https://biztoc.com/x/0466432f21ae578e,https://biztoc.com/cdn/0466432f21ae578e_s.webp,2025-05-04T05:47:23Z,"Shiba Inu faced heavy sell pressure as whales offloaded 359 billion tokens in a single day.- SHIB saw broad-based selling as all market cohorts rushed to exit positions.As Shiba Inu [SHIB] struggles,… [+154 chars]","shiba inu, memecoin"
"{'id': None, 'name': 'Coinjournal.net'}",Diya Poddar,Pepe price jumps 40% amid memecoin rally driven by Bitcoin surge,"Price broke resistance at $0.000009 amid 150% volume spike. Whale accumulation triggered breakout to $0.000011 zone. Target levels include $0.00001712, $0.00002118 and potentially $0.00006. The memecoin market is back in focus after Pepe recorded a dramatic 4…",https://coinjournal.net/news/pepe-price-jumps-40-amid-memecoin-rally-driven-by-bitcoin-surge/,https://coinjournal.net/wp-content/uploads/2025/05/image-27.png,2025-05-09T11:13:49Z,"<ul><li>Price broke resistance at $0.000009 amid 150% volume spike.</li><li>Whale accumulation triggered breakout to $0.000011 zone.</li><li>Target levels include $0.00001712, $0.00002118 and potenti… [+3188 chars]",memecoin
"{'id': None, 'name': 'Biztoc.com'}",benzinga.com,'Dogecoin Killer' Shiba Inu Jumps 6%: What Is Going On?,"Shiba Inu's (CRYPTO: SHIB) significant rally over the past seven days and a new Shibarium DappStore launch could lead to a bullish run for the meme coin, traders are speculating.
Cryptocurrency
Price 
Market Cap
24-Hour Trend
7-Day Trend
Shiba Inu (CRYPTO: SH…",https://biztoc.com/x/23807b8e72d3ea30,https://biztoc.com/cdn/23807b8e72d3ea30_s.webp,2025-04-25T13:42:59Z,"Shiba Inu's (CRYPTO: SHIB) significant rally over the past seven days and a new Shibarium DappStore launch could lead to a bullish run for the meme coin, traders are speculating.CryptocurrencyPrice M… [+130 chars]","dogecoin, shiba inu"
"{'id': None, 'name': 'ZyCrypto'}",Olivia Brooke,"How Altcoins Exiting Exchanges Could Trigger the Next Boom for Ether, XRP, Solana, Cardano, Shiba Inu","Altcoins are preparing for a rally, and coins like Ether, XRP, Solana, Dogecoin, Cardano, and Shiba Inu are primed for a massive price surge.",https://zycrypto.com/how-altcoins-exiting-exchanges-could-trigger-the-next-boom-for-ether-xrp-solana-cardano-shiba-inu/,https://zycrypto.com/wp-content/uploads/2024/03/Altcoins-Are-About-to-Explode-—-Analyst-Prediction-For-Ether-Solana-XRP-Cardano-Shiba-Inu-PEPE.jpg,2025-05-23T17:33:29Z,"Altcoins are preparing for a rally, and as market participants observed, alternative coins like Ether, XRP, Solana, Dogecoin, Cardano, and Shiba Inu are primed for a massive price surge in the coming… [+1908 chars]","dogecoin, shiba inu"
"{'id': None, 'name': 'Biztoc.com'}",benzinga.com,"Fartcoin Soars 10% In A Week, Outshining Dogecoin, Shiba Inu","Fartcoin (CRYPTO: FARTCOIN) is turning heads with a 10% rally over the past week, leaving meme coin heavyweights Dogecoin (CRYPTO: DOGE) and Shiba Inu (CRYPTO: SHIB) trailing behind.
Cryptocurrency
Price 
Market Cap
24-Hour Trend
7-Day Trend
Fartcoin
 $1.21
$…",https://biztoc.com/x/7ab0002a0ec43197,https://biztoc.com/cdn/930/og.png,2025-05-02T15:33:46Z,"Fartcoin (CRYPTO: FARTCOIN) is turning heads with a 10% rally over the past week, leaving meme coin heavyweights Dogecoin (CRYPTO: DOGE) and Shiba Inu (CRYPTO: SHIB) trailing behind.CryptocurrencyPri… [+132 chars]","dogecoin, shiba inu"
"{'id': None, 'name': 'Biztoc.com'}",benzinga.com,"Shiba Inu Burn Rate Skyrockets 2,094%: What Is Going On?","Shiba Inu (CRYPTO: SHIB) has seen a massive spike in burn activity and on-chain growth, fueling speculation of a macro trend reversal.
Cryptocurrency
Price 
Market Cap
24-Hour Trend
7-Day Trend
Shiba Inu (CRYPTO: SHIB)
$0.00001317
$7.8 billion
-3.3%
-3%
Dogec…",https://biztoc.com/x/34e745e955389434,https://biztoc.com/cdn/34e745e955389434_s.webp,2025-04-30T17:58:20Z,"Shiba Inu (CRYPTO: SHIB) has seen a massive spike in burn activity and on-chain growth, fueling speculation of a macro trend reversal.CryptocurrencyPrice Market Cap24-Hour Trend7-Day TrendShiba Inu (… [+119 chars]",shiba inu
"{'id': None, 'name': 'Biztoc.com'}",benzinga.com,Shiba Inu Down 2%: Can Shibarium's Explosive Growth Fuel A SHIB Rally?,"Shiba Inu (CRYPTO: SHIB) is down 2% on the day, but its Layer-2 blockchain, Shibarium, is gaining in momentum with new developments.
Cryptocurrency
Price 
Market Cap
24-Hour Trend
7-Day Trend
Shiba Inu (CRYPTO: SHIB)
 $0.00001353
$7.97 billion
-1.9% 
+5.3% 
D…",https://biztoc.com/x/4cf3c83086452279,https://biztoc.com/cdn/4cf3c83086452279_s.webp,2025-04-29T14:38:46Z,"Shiba Inu (CRYPTO: SHIB) is down 2% on the day, but its Layer-2 blockchain, Shibarium, is gaining in momentum with new developments.CryptocurrencyPrice Market Cap24-Hour Trend7-Day TrendShiba Inu (CR… [+128 chars]",shiba inu
"{'id': None, 'name': 'Bitcoinist'}",Scott Matherson,79.89% Crash In 24 Hours: What’s Going On With The Shiba Inu Burn?,"In a rather unexpected turn of events, the Shiba Inu (SHIB) burn rate has plummeted by a staggering 79.89% in just 24 hours. Once considered the cornerstone of Shiba Inu’s deflationary strategy and a key driver behind the meme coin’s long-term value, this dra…",https://bitcoinist.com/79-89-crash-in-shiba-inu-burn/,https://bitcoinist.com/wp-content/uploads/2025/05/Shiba-Inu-from-Pixabay.webp,2025-05-21T01:00:44Z,"In a rather unexpected turn of events, the Shiba Inu (SHIB) burn rate has plummeted by a staggering 79.89% in just 24 hours. Once considered the cornerstone of Shiba Inus deflationary strategy and a … [+3012 chars]",shiba inu
"{'id': None, 'name': 'ZyCrypto'}",Guest Author,"DOGE Price Up 11%, But Experts Predict Ruvi AI (RUVI) Will Hit $2 and Grow by 20,000% in 2025","Shiba Inu (SHIB), the memecoin world’s darling, is again making headlines. Currently priced at $0.000015 as of May 15, 2025, SHIB has surged by an impressive 26% over the past week, reigniting excitement. With ongoing token burns reducing its supply and proje…",https://zycrypto.com/doge-price-up-11-but-experts-predict-ruvi-ai-ruvi-will-hit-2-and-grow-by-20000-in-2025/,https://zycrypto.com/wp-content/uploads/2025/05/Could-Ruvi-AI-RUVI-Be-the-Next-100x-Crypto-Gem-Like-Shiba-Analysts-Predict-20000-Price-Increase-During-Altcoin-Season.jpg,2025-05-15T22:16:11Z,"Disclaimer: The below article is sponsored, and the views in it do not represent those of ZyCrypto. Readers should conduct independent research before taking any actions related to the project mentio… [+3025 chars]","shiba inu, memecoin"
"{'id': None, 'name': 'Bitcoinist'}",Scott Matherson,"Solana’s BONK Dominates Buy-Ins From Smart Money, Do They Know Something?","Volatility in the crypto market remains high in meme coins such as Solana-based BONK have not been left out of this. The wild fluctuations continue to plague the meme coin, but this has not stopped the intense buying that has been going on over the last few d…",https://bitcoinist.com/solana-bonk-smart-money/,https://bitcoinist.com/wp-content/uploads/2023/01/BONK-Solana.jpeg,2025-05-24T15:30:53Z,"Volatility in the crypto market remains high in meme coins such as Solana-based BONK have not been left out of this. The wild fluctuations continue to plague the meme coin, but this has not stopped t… [+2555 chars]",other
"{'id': None, 'name': 'Coinjournal.net'}",Hassan Maishera,"Shiba Inu, Pepe, and Bitcoin Pepe: Who was the best performer in April?","Key takeaways Shiba Inu and Pepe are two of the leading memecoins, but $BPEP outperformed them in April. Bitcoin Pepe’s presale has officially reached the $7.5 million milestone. Despite the trade war between the United States and its various trade partners, …",https://coinjournal.net/news/shiba-inu-pepe-and-bitcoin-pepe-who-was-the-best-performer-in-april/,https://coinjournal.net/wp-content/uploads/2023/03/1645183898646-4038a673-95ab-4573-be0e-bd39b99dbd4e.jpg,2025-05-02T11:02:13Z,"Key takeaways
<ul><li>Shiba Inu and Pepe are two of the leading memecoins, but $BPEP outperformed them in April.</li><li>Bitcoin Pepe’s presale has officially reached the $7.5 million milestone.</li… [+3633 chars]","shiba inu, memecoin"
"{'id': None, 'name': 'Biztoc.com'}",benzinga.com,"Shiba Inu Surges 5%, Burn Rate Explodes 4,833%: Has The Golden Bull Run Started?","Shiba Inu (CRYPTO: SHIB) has seen a dramatic jump in its burn rate alongside a 5% price spike, prompting traders to predict a renewed bull run.
Cryptocurrency
Price 
Market Cap
24-Hour Trend
7-Day Trend
Dogecoin (CRYPTO: DOGE)
$0.1841
$27.5 billion
+6.7%
+2.8…",https://biztoc.com/x/40bbc5210fe0b73f,https://biztoc.com/cdn/40bbc5210fe0b73f_s.webp,2025-05-08T13:17:11Z,"Shiba Inu (CRYPTO: SHIB) has seen a dramatic jump in its burn rate alongside a 5% price spike, prompting traders to predict a renewed bull run.CryptocurrencyPrice Market Cap24-Hour Trend7-Day TrendDo… [+127 chars]","dogecoin, shiba inu"
"{'id': None, 'name': 'Biztoc.com'}",benzinga.com,Shiba Inu Sinks 16% In 7 Days: What Is Going On?,"Shiba Inu (CRYPTO: SHIB) has dropped 16% over the past seven days, but rising burn rates and large transaction activity hint at brewing potential under the surface.
Cryptocurrency
Price 
Market Cap
24-Hour Trend
7-Day Trend
Shiba Inu (CRYPTO: SHIB)
 $0.000014…",https://biztoc.com/x/466d4a4711f5edfb,https://biztoc.com/cdn/466d4a4711f5edfb_s.webp,2025-05-19T13:42:32Z,"Shiba Inu (CRYPTO: SHIB) has dropped 16% over the past seven days, but rising burn rates and large transaction activity hint at brewing potential under the surface.CryptocurrencyPrice Market Cap24-Ho… [+134 chars]",shiba inu
"{'id': None, 'name': 'Biztoc.com'}",benzinga.com,Dogecoin Surges 5%: What Is Going On?,"Dogecoin (CRYPTO: DOGE) is up almost 5% on Thursday and bullish technical signals could extend the rally.
Cryptocurrency
Price 
Market Cap
24-Hour Trend
7-Day Trend
Dogecoin (CRYPTO: DOGE)
$0.1788
$26.7 billion
+4.9%
+2%
Shiba Inu (CRYPTO: SHIB)
$0.00001350
$…",https://biztoc.com/x/1e770a40788cd188,https://biztoc.com/cdn/1e770a40788cd188_s.webp,2025-05-01T15:20:27Z,Dogecoin (CRYPTO: DOGE) is up almost 5% on Thursday and bullish technical signals could extend the rally.CryptocurrencyPrice Market Cap24-Hour Trend7-Day TrendDogecoin (CRYPTO: DOGE)$0.1788$26.7 bill… [+131 chars],"dogecoin, shiba inu"
"{'id': None, 'name': 'Biztoc.com'}",benzinga.com,"Dogecoin, Shiba Inu Surge Over 25% In 7 Days: What Is Going On?","Dogecoin (CRYPTO: DOGE) and Shiba Inu (CRYPTO: SHIB) have posted strong gains over the past week, rallying more than 25% as Bitcoin hovers near all-time highs, fueling momentum across the meme coin sector.
Cryptocurrency
Price 
24-Hour Trend
7-Day Trend
Dogec…",https://biztoc.com/x/1eeb4a130f6ef1ec,https://biztoc.com/cdn/1eeb4a130f6ef1ec_s.webp,2025-05-13T16:58:19Z,"Dogecoin (CRYPTO: DOGE) and Shiba Inu (CRYPTO: SHIB) have posted strong gains over the past week, rallying more than 25% as Bitcoin hovers near all-time highs, fueling momentum across the meme coin s… [+125 chars]","dogecoin, shiba inu"
"{'id': None, 'name': 'Biztoc.com'}",benzinga.com,Dogecoin Teases 'Diamond Bottom' Reversal: Is A Breakout Imminent?,"After a stretch of muted price action, Dogecoin (CRYPTO: DOGE) may be gearing up for a trend reversal, cushioned by positive ecosystem developments.
Cryptocurrency
Price 
Market Cap
24-Hour Trend
7-Day Trend
Dogecoin (CRYPTO: DOGE)
$0.1672
$24.9 billion
-2.2%…",https://biztoc.com/x/03dbf62fcfa049c4,https://biztoc.com/cdn/03dbf62fcfa049c4_s.webp,2025-05-06T19:04:21Z,"After a stretch of muted price action, Dogecoin (CRYPTO: DOGE) may be gearing up for a trend reversal, cushioned by positive ecosystem developments.CryptocurrencyPrice Market Cap24-Hour Trend7-Day Tr… [+134 chars]",dogecoin
"{'id': None, 'name': 'Bitcoinist'}",Scott Matherson,Crypto Analyst Says Dogecoin Is Repeating History – Here’s What Happened,"The Dogecoin price has failed to revisit its all-time high of 2021 and is, in fact, trading 75% below its $0.73 ATH after a series of crashes rocked the crypto market. These crashes were spurred by US President Donald Trump declaring an all-out tariff war. In…",https://bitcoinist.com/dogecoin-is-repeating-history/,https://bitcoinist.com/wp-content/uploads/2024/03/Dogecoin_0547cf.webp,2025-04-25T12:00:30Z,"The Dogecoin price has failed to revisit its all-time high of 2021 and is, in fact, trading 75% below its $0.73 ATH after a series of crashes rocked the crypto market. These crashes were spurred by U… [+3009 chars]",dogecoin
"{'id': None, 'name': 'Biztoc.com'}",benzinga.com,Dogecoin Surges 17% On The Week: What Is Going On?,"Dogecoin (CRYPTO: DOGE) is up 17% on the week and several analysts are eyeing a continuation of the rally.
Cryptocurrency
Price 
Market Cap
24-Hour Trend
7-Day Trend
Dogecoin (CRYPTO: DOGE)
 $0.1830
$27.3 billion
+3.5% 
+17.3% 
Shiba Inu (CRYPTO: SHIB)
 $0.00…",https://biztoc.com/x/df3b0ecd63ce01cb,https://biztoc.com/cdn/df3b0ecd63ce01cb_s.webp,2025-04-25T15:00:10Z,Dogecoin (CRYPTO: DOGE) is up 17% on the week and several analysts are eyeing a continuation of the rally.CryptocurrencyPrice Market Cap24-Hour Trend7-Day TrendDogecoin (CRYPTO: DOGE)$0.1830$27.3 bil… [+127 chars],"dogecoin, shiba inu"
"{'id': None, 'name': 'Biztoc.com'}",benzinga.com,Dogecoin Down 1% But This Pattern Signals A Breakout Is Imminent,"Dogecoin (CRYPTO: DOGE) is catching traders' attention again as its current price action closely resembles a major historical pattern that led to explosive gains in the past.
Cryptocurrency
Price 
24-Hour Trend
7-Day Trend
Dogecoin (CRYPTO: DOGE)
$0.2282
-1.2…",https://biztoc.com/x/584dfbf8af827b5d,https://biztoc.com/cdn/584dfbf8af827b5d_s.webp,2025-05-15T18:23:58Z,Dogecoin (CRYPTO: DOGE) is catching traders' attention again as its current price action closely resembles a major historical pattern that led to explosive gains in the past.CryptocurrencyPrice 24-Ho… [+136 chars],dogecoin
"{'id': None, 'name': 'Biztoc.com'}",benzinga.com,"Floki Soars 78% In A Month, Outpaces Dogecoin and Shiba Inu: What's Next?","Floki (CRYPTO: FLOKI) is continuing its explosive momentum, gaining 78% over the past month, which outpaces Dogecoin's 40% and Shiba Inu's 18% gains in the same timeframe.
Cryptocurrency
Price 
Market Cap
24-Hour Trend
7-Day Trend
Floki (CRYPTO: FLOKI)
 $0.00…",https://biztoc.com/x/4d3b762208d566d1,https://biztoc.com/cdn/4d3b762208d566d1_s.webp,2025-05-22T17:09:03Z,"Floki (CRYPTO: FLOKI) is continuing its explosive momentum, gaining 78% over the past month, which outpaces Dogecoin's 40% and Shiba Inu's 18% gains in the same timeframe.CryptocurrencyPrice Market C… [+120 chars]","dogecoin, shiba inu"
"{'id': None, 'name': 'Biztoc.com'}",benzinga.com,"Dogecoin Surges 11% As Market Optimism, Trade Deal Boost Risk Assets","Dogecoin (CRYPTO: DOGE), the popular cryptocurrency originally created as a parody of Bitcoin in 2013, is trading higher by 11% Thursday afternoon, reaching the $0.191 level.
What To Know: Designed as a lighthearted alternative to traditional cryptocurrencies…",https://biztoc.com/x/ed6b3c8145bf1651,https://biztoc.com/cdn/ed6b3c8145bf1651_s.webp,2025-05-08T19:07:59Z,"Dogecoin (CRYPTO: DOGE), the popular cryptocurrency originally created as a parody of Bitcoin in 2013, is trading higher by 11% Thursday afternoon, reaching the $0.191 level.What To Know: Designed as… [+146 chars]",dogecoin
"{'id': None, 'name': 'newsBTC'}",Scott Matherson,Shiba Inu’s Shibarium Struggles As New Accounts Crash To Fresh Lows,"Following its launch by the Shiba Inu team back in August 2023, the Shibarium network has been subject to the highs and lows of the market. Despite coming from a team with a large community, the Ethereum Layer 2 network has struggled to stay relevant in the f…",http://www.newsbtc.com/shiba-inu/shiba-inu-shibarium-struggles/,https://www.newsbtc.com/wp-content/uploads/2025/05/SHIB-coin-e1746102151976.jpg?fit=750%2C422,2025-05-22T09:30:39Z,"Scott Matherson is a prominent crypto writer at NewsBTC with a knack for capturing the pulse of the market, covering pivotal shifts, technological advancements, and regulatory changes with precision.… [+3106 chars]",shiba inu
"{'id': None, 'name': 'newsBTC'}",Jake Simmons,Shiba Inu Bulls Roar To Life After Breakout—Next Price Targets,"Shiba Inu (SHIB) printed a textbook-grade inverted head-and-shoulders on the daily chart this spring, and Tuesday’s session shows the pattern has now gone through the full breakout-and-retest sequence flagged by independent analyst Cantonese Cat (@cantonmeow)…",http://www.newsbtc.com/shiba-inu/shiba-inu-bulls-roar-to-life-after-breakout/,https://www.newsbtc.com/wp-content/uploads/2025/05/7cc28223-db75-4344-8ac8-77f4445d35bc.png?fit=1536%2C1024,2025-05-21T17:30:15Z,"Strict editorial policy that focuses on accuracy, relevance, and impartiality
Created by industry experts and meticulously reviewed
The highest standards in reporting and publishing
Strict editori… [+3350 chars]",shiba inu
"{'id': None, 'name': 'ZyCrypto'}",Newton Gitonga,Shiba Inu Whales Accumulate Over 1.4 Trillion Tokens in A Week — Wen New SHIB All-Time High?,Shiba Inu (SHIB) could be on the brink of a major rally as whale accumulation surges to unprecedented levels.,https://zycrypto.com/shiba-inu-whales-accumulate-over-1-4-trillion-tokens-in-a-week-wen-new-shib-all-time-high/,https://zycrypto.com/wp-content/uploads/2024/04/0.001-SHIB-Price-Earthquake-Looks-Nigh-As-Shiba-Inu-Secures-12-Million-For-Its-New-Blockchain.jpg,2025-05-02T14:52:46Z,"Shiba Inu (SHIB) could be on the brink of a major rally as whale accumulation surges to unprecedented levels.
Over the past six days, large holders have amassed over 1.4 trillion SHIB tokens, signal… [+2396 chars]",shiba inu
"{'id': None, 'name': 'Ambcrypto.com'}",Samyukhtha L KM,Dogecoin’s price stalls even as traders bet big – Mapping DOGE’s road ahead,Futures data says DOGE is ready for a big move.,https://ambcrypto.com/dogecoins-price-stalls-even-as-traders-bet-big-mapping-doges-road-ahead/,https://ambcrypto.com/wp-content/uploads/2025/05/Samyukhtha-18-1-1000x600.webp,2025-05-14T13:00:24Z,"<ul><li>Dogecoin, Pepe, and dogwifhat saw major gains, showing a renewed interest in memecoins.</li><li>Despite price dips, bullish sentiment remains strong across most top-performing meme tokens thi… [+2219 chars]",dogecoin
"{'id': None, 'name': 'Ambcrypto.com'}",Akashnath S,GOAT rallies 273% in 5 days – Bulls seek to defend $0.2 support next,GOAT's overbought conditions showed that a short-term price dip was possible.,https://ambcrypto.com/goat-rallies-273-in-5-days-bulls-seek-to-defend-0-2-support-next/,https://ambcrypto.com/wp-content/uploads/2025/05/GOAT-Featured-1000x600.webp,2025-05-13T05:30:00Z,<ul><li>GOAT surpassed key resistance levels established over the past 10 weeks.</li><li>BTC’s bullish strength has lent altcoins a new lease of life.</li></ul>The memecoin market has soared higher o… [+1829 chars],other
"{'id': None, 'name': 'Activistpost.com'}",Editor,Trump Family-Linked Firms Profited $320M on Memecoin Despite 87% Decline Since Day One,"Data from Chainalysis show the creators of the TRUMP token made $320 million in fees while retail investors lost money. What to know: CORRECTION (May 9, 11:58 UTC): Corrected headline, first bullet to say Trump-family linked firms profited millions from TRUMP…",https://www.activistpost.com/trump-family-linked-firms-profited-320m-on-memecoin-despite-87-decline-since-day-one/,,2025-05-16T12:00:00Z,"Data from Chainalysis show the creators of the TRUMP token made $320 million in fees while retail investors lost money.
<ul><li>Data from Chainalysis shows that the creators of the TRUMP token made … [+5932 chars]",memecoin
"{'id': None, 'name': 'newsBTC'}",Christian Encila,Double Trouble Or Double Gains? Shiba Inu Shows Signs Of Reversal Amid Massive Burn,"Shiba Inu (SHIB) hit a high of $0.00001511 on April 26, 2025, its highest value this month in what experts refer to as a see-saw run. The meme coin failed to break a significant resistance level that contains a huge chunk of all SHIB coins in circulation, as …",http://www.newsbtc.com/meme-coins/double-trouble-or-double-gains-shiba-inu-shows-signs-of-reversal/,https://www.newsbtc.com/wp-content/uploads/2025/05/Gemini_Generated_Image_ze36eeze36eeze36.jpg?fit=2048%2C2048,2025-05-02T03:00:27Z,"Strict editorial policy that focuses on accuracy, relevance, and impartiality
Created by industry experts and meticulously reviewed
The highest standards in reporting and publishing
Strict editori… [+3412 chars]",shiba inu
"{'id': None, 'name': 'Biztoc.com'}",benzinga.com,"Pepe Jumps 14%, Outpaces Dogecoin, Shiba Inu As Meme Coins Roar","Pepe's (CRYPTO: PEPE) is up 45% over th past week, grabbing attention as trading volume overtook Shiba Inu (CRYPTO: SHIB) and price performance edged ahead of both SHIB and Dogecoin (CRYPTO: DOGE).
Cryptocurrency
Price 
Market Cap
24-Hour Trend
7-Day Trend
Pe…",https://biztoc.com/x/a92f53ccff3b8feb,https://biztoc.com/cdn/a92f53ccff3b8feb_s.webp,2025-05-08T16:25:50Z,"Pepe's (CRYPTO: PEPE) is up 45% over th past week, grabbing attention as trading volume overtook Shiba Inu (CRYPTO: SHIB) and price performance edged ahead of both SHIB and Dogecoin (CRYPTO: DOGE).Cr… [+123 chars]","dogecoin, shiba inu"
"{'id': None, 'name': 'Biztoc.com'}",benzinga.com,Forget Dogecoin And Shiba Inu — Crypto Analyst Sees This Coin Surging 100%,"A crypto analyst has forecasted a 100% increase for Pepe (CRYPTO: PEPE), a mid-cap competitor to Dogecoin (CRYPTO: DOGE) and Shiba Inu (CRYPTO: SHIB), reflecting a trend from 2024.
What Happened: The anonymous analyst known as Altcoin Sherpa shared on X that …",https://biztoc.com/x/6a921b071d3dde51,https://biztoc.com/cdn/930/og.png,2025-04-27T16:28:50Z,"A crypto analyst has forecasted a 100% increase for Pepe (CRYPTO: PEPE), a mid-cap competitor to Dogecoin (CRYPTO: DOGE) and Shiba Inu (CRYPTO: SHIB), reflecting a trend from 2024.What Happened: The … [+142 chars]","dogecoin, shiba inu"
"{'id': None, 'name': 'Biztoc.com'}",benzinga.com,"Popcat Surges 17% In A Day — Trader Predicts Explosive Move To $1, Outpacing Dogecoin, Shiba Inu","Popcat (CRYPTO: POPCAT) has jumped 17% in a day, reigniting the meme coin mania as traders expect it to chase meme heavyweights Dogecoin (CRYPTO: DOGE) and Shiba Inu (CRYPTO: SHIB).
What Happened: Crypto trader Unipcs revealed he’s up seven figures on his Pop…",https://biztoc.com/x/4415f4c3f8d81380,https://biztoc.com/cdn/4415f4c3f8d81380_s.webp,2025-05-08T19:07:45Z,"Popcat (CRYPTO: POPCAT) has jumped 17% in a day, reigniting the meme coin mania as traders expect it to chase meme heavyweights Dogecoin (CRYPTO: DOGE) and Shiba Inu (CRYPTO: SHIB).What Happened: Cry… [+141 chars]","dogecoin, shiba inu"
"{'id': None, 'name': 'Ambcrypto.com'}",Akashnath S,Shiba Inu price prediction – What to expect from memecoin after its support fails,Funding rate data revealed that the past few days saw a hike in bearish sentiments,https://ambcrypto.com/shiba-inu-price-prediction-what-to-expect-from-memecoin-after-its-support-fails/,https://ambcrypto.com/wp-content/uploads/2025/05/Shiba-Inu-Featured-1000x600.webp,2025-05-06T06:00:31Z,"<ul><li>Shiba Inu slipped under the mid-range level and did not offer a buying opportunity</li><li>High on-chain activity recently could be a sign of accumulation</li></ul>Shiba Inu [SHIB], at the ti… [+1987 chars]","shiba inu, memecoin"
"{'id': None, 'name': 'ZyCrypto'}",Guest Author,"BTC Above 109K Sets The Stage: Best Meme Coin for x100 in This Bull Run – Pepe, Shiba, or Influencer Pepe (INPEPE)?","Shiba Inu and Pepe have risen to fame as two of the most successful meme coins, delivering impressive gains for their earliest supporters. Shiba Inu made global news by transforming small assets into huge windfalls, jumping over 80,000,000% from its starting …",https://zycrypto.com/btc-above-109k-sets-the-stage-best-meme-coin-for-x100-in-this-bull-run-pepe-shiba-or-influencer-pepe-inpepe/,https://zycrypto.com/wp-content/uploads/2025/05/BTC-Above-109K-Sets-The-Stage-Best-Meme-Coin-for-x100-in-This-Bull-Run-–-Pepe-Shiba-or-Influencer-Pepe-INPEPE.jpg,2025-05-22T17:04:44Z,"Disclaimer: The below article is sponsored, and the views in it do not represent those of ZyCrypto. Readers should conduct independent research before taking any actions related to the project mentio… [+3590 chars]",shiba inu
"{'id': None, 'name': 'Foreign Policy'}",Chloe Hadavas,Is American Soft Power Finished?,Joseph Nye’s death marks the end of an era of U.S. foreign policy.,http://foreignpolicy.com/2025/05/11/joseph-nye-death-us-soft-power-trump-era/,https://foreignpolicy.com/wp-content/uploads/2024/09/soft-power-us-attracition-joseph-nye-matt-chase-illustration.jpg?w=1000,2025-05-11T14:00:22Z,"Traditionally the test of a great power was its strength in war. Today, however, the definition of power is losing its emphasis on military force and conquest that marked earlier eras, Joseph Nye, th… [+3465 chars]",other
"{'id': None, 'name': 'Biztoc.com'}",benzinga.com,"Pepe Rallies 40% In 7 Days Outpaces Dogecoin, Shiba Inu: What's Next?","Pepe (CRYPTO: PEPE) has jumped over 40% in the last week, but traders are split on whether this rally has more room to run or if a correction is imminent.
Cryptocurrency
Price 
Market Cap
24-Hour Trend
7-Day Trend
Pepe (CRYPTO: PEPE)
$0.00001358
$5.7 billion
…",https://biztoc.com/x/d6afa0e58dba6961,https://biztoc.com/cdn/d6afa0e58dba6961_s.webp,2025-05-15T14:42:54Z,"Pepe (CRYPTO: PEPE) has jumped over 40% in the last week, but traders are split on whether this rally has more room to run or if a correction is imminent.CryptocurrencyPrice Market Cap24-Hour Trend7-… [+137 chars]","dogecoin, shiba inu"
"{'id': None, 'name': 'Biztoc.com'}",benzinga.com,"Fartcoin Leads Meme Coin Rally Ahead Of Dogecoin, Shiba Inu: Is $2 Next?","Fartcoin (CRYPTO: FARTCOIN) is leading the latest meme coin charge, surging 18% in 24 hours, as traders eye a run to $2 in the near term.
Cryptocurrency
Price 
Market Cap
24-Hour Trend
7-Day Trend
Fartcoin (CRYPTO: FARTCOIN)
 $1.53
$1.53 billion
 +17.9%
+19.1…",https://biztoc.com/x/f7a8569f746db980,https://biztoc.com/cdn/f7a8569f746db980_s.webp,2025-05-22T13:06:32Z,"Fartcoin (CRYPTO: FARTCOIN) is leading the latest meme coin charge, surging 18% in 24 hours, as traders eye a run to $2 in the near term.CryptocurrencyPrice Market Cap24-Hour Trend7-Day TrendFartcoin… [+131 chars]","dogecoin, shiba inu"
"{'id': None, 'name': 'Biztoc.com'}",benzinga.com,"Floki Jumps 23% In 7 Days: What's Powering The Relative Strength Against Dogecoin, Shiba Inu?","Floki (CRYPTO: FLOKI) is up 7% in the past 24 hours and 23% over the past 30 days, showing notable relative strength, with traders and analysts pointing to bullish momentum, fresh utility and key partnerships as drivers.
Cryptocurrency
Price 
Market Cap
24-Ho…",https://biztoc.com/x/ebe41bb320a893b0,https://biztoc.com/cdn/ebe41bb320a893b0_s.webp,2025-04-30T15:13:37Z,"Floki (CRYPTO: FLOKI) is up 7% in the past 24 hours and 23% over the past 30 days, showing notable relative strength, with traders and analysts pointing to bullish momentum, fresh utility and key par… [+138 chars]","dogecoin, shiba inu"
"{'id': None, 'name': 'Biztoc.com'}",benzinga.com,"Pepe Pops 30%, Leapfrogs Meme Veterans Dogecoin, Shiba Inu In Trading Volume And Momentum","Pepe (CRYPTO: PEPE) has exploded for a 30% gain, triggering a wave of liquidations and whale activity; traders are now eyeing a massive weekend ahead for the meme coin.
Cryptocurrency
Price 
Market Cap
24-Hour Trend
7-Day Trend
Pepe (CRYPTO: PEPE)
$0.00001252…",https://biztoc.com/x/2f80e236fed55c41,https://biztoc.com/cdn/2f80e236fed55c41_s.webp,2025-05-09T16:22:55Z,"Pepe (CRYPTO: PEPE) has exploded for a 30% gain, triggering a wave of liquidations and whale activity; traders are now eyeing a massive weekend ahead for the meme coin.CryptocurrencyPrice Market Cap2… [+116 chars]","dogecoin, shiba inu"
"{'id': None, 'name': 'Biztoc.com'}",benzinga.com,"Floki Rallies 16% Outperforming Dogecoin, Shiba Inu: How High Can It Go?","Floki (CRYPTO: FLOKI) has rallied 16% in the last 24 hours for a 39% gain over the past week. Growing hype around the upcoming launch of the Floki ETP is prompting traders to flip bullish.
Cryptocurrency
Price 
Market Cap
24-Hour Trend
7-Day Trend
Floki (CRYP…",https://biztoc.com/x/b95ea56a7d179d07,https://biztoc.com/cdn/b95ea56a7d179d07_s.webp,2025-04-25T12:03:36Z,Floki (CRYPTO: FLOKI) has rallied 16% in the last 24 hours for a 39% gain over the past week. Growing hype around the upcoming launch of the Floki ETP is prompting traders to flip bullish.Cryptocurre… [+139 chars],"dogecoin, shiba inu"
"{'id': None, 'name': 'Biztoc.com'}",benzinga.com,"Dogecoin, Shiba Inu Spike But Floki And Bonk Are Stars Of Monday's Meme Rally","Memecoins were up in the green Monday overnight, with Floki and Bonk leading the charge following Bitcoin's (CRYPTO: BTC) reclaim of $95,000.
What happened: Ethereum (CRYPTO: ETH)-based FLOKI hit a two-month high of $0.00009044 late in the evening, representi…",https://biztoc.com/x/7e946de0cb534cdb,https://biztoc.com/cdn/930/og.png,2025-04-29T03:26:06Z,"Memecoins were up in the green Monday overnight, with Floki and Bonk leading the charge following Bitcoin's (CRYPTO: BTC) reclaim of $95,000.What happened: Ethereum (CRYPTO: ETH)-based FLOKI hit a tw… [+146 chars]","dogecoin, shiba inu, memecoin"
"{'id': None, 'name': 'Biztoc.com'}",benzinga.com,"Scottie Pippen Declares 'Altcoin Season' As Ethereum, XRP, Dogecoin, Shiba Inu Rally","Altcoins are surging as Bitcoin dominance pulls back, suggesting a renewed flow of capital into Ethereum and the broader altcoin market. Celebrity interest is also heating up, adding fuel to the narrative.
What Happened: Six-time NBA champion Scottie Pippen j…",https://biztoc.com/x/bfa63930338be30c,https://biztoc.com/cdn/bfa63930338be30c_s.webp,2025-05-12T17:13:04Z,"Altcoins are surging as Bitcoin dominance pulls back, suggesting a renewed flow of capital into Ethereum and the broader altcoin market. Celebrity interest is also heating up, adding fuel to the narr… [+146 chars]","dogecoin, shiba inu"
"{'id': None, 'name': 'Biztoc.com'}",benzinga.com,Pepe Up 3% As 'Dogecoin Millionaire' Says It May Become 'The Best Trade Of My Life',"Pepe (CRYPTO: PEPE) is drawing serious attention from high-profile traders as its metrics and momentum surge.
Cryptocurrency
Price 
Market Cap
24-Hour Trend
7-Day Trend
Pepe (CRYPTO: PEPE)
 $0.00001497
$6.3 billion
+3% 
+10% 
Dogecoin (CRYPTO: DOGE)
 $0.2374
…",https://biztoc.com/x/3d17b74b51176fc4,https://biztoc.com/cdn/3d17b74b51176fc4_s.webp,2025-05-23T15:51:41Z,Pepe (CRYPTO: PEPE) is drawing serious attention from high-profile traders as its metrics and momentum surge.CryptocurrencyPrice Market Cap24-Hour Trend7-Day TrendPepe (CRYPTO: PEPE)$0.00001497$6.3 b… [+127 chars],dogecoin
"{'id': None, 'name': 'ZyCrypto'}",Aliyu Pokima,"$1 Trillion Bull Storm Projected for Dogecoin, XRP, Solana, Cardano, Shiba Inu as Traders Lock-In New Highs",Projections for a $1 DOGE price resurface with holders drawing lines with leading altcoins ahead of the next cycle.,https://zycrypto.com/1-trillion-bull-storm-projected-for-dogecoin-xrp-solana-cardano-shiba-inu-as-traders-lock-in-new-highs/,https://zycrypto.com/wp-content/uploads/2024/07/Bitcoin-Ether-XRP-Solana-Cardano-Shiba-Inu-Braced-For-Explosive-4-Trillion-Storm.jpg,2025-05-09T14:48:26Z,A Dogecoin trader has flagged an imminent breakout in the assets price this month. This is hinged on bulls maintaining recent pressure past the $0.2 resistance to trigger a larger climb. Projections … [+2133 chars],"dogecoin, shiba inu"
"{'id': None, 'name': 'Biztoc.com'}",benzinga.com,"25.74 Trillion Shiba Inu Stuck, As SHIB Trapped In Uncertainty Amid Market Downturn","The cryptocurrency market is witnessing a significant downturn, with Shiba Inu (CRYPTO: SHIB) being notably impacted. 
As per a report, the market has seen liquidations worth $298 million in cryptocurrencies, with Shiba Inu’s value declining by 5.81%.
The dow…",https://biztoc.com/x/a9384ab56c7bdd80,https://biztoc.com/cdn/a9384ab56c7bdd80_s.webp,2025-05-18T16:42:56Z,"The cryptocurrency market is witnessing a significant downturn, with Shiba Inu (CRYPTO: SHIB) being notably impacted. As per a report, the market has seen liquidations worth $298 million in cryptocur… [+144 chars]",shiba inu
"{'id': None, 'name': 'Ambcrypto.com'}",Samyukhtha L KM,Shiba Inu: Here’s how SHIB outlasts its rivals in 2025’s market slump,"Amid whale moves and losses that scream 'lesser of many evils,' SHIB might just make it out with minimal damage.",https://ambcrypto.com/shiba-inu-heres-how-shib-outlasts-its-rivals-in-2025s-downturn/,https://ambcrypto.com/wp-content/uploads/2025/04/Samyukhtha-40-1000x600.webp,2025-04-27T20:00:17Z,"<ul><li>SHIB outperformed most memecoins in 2025, showing resilience, with just 33% YTD losses.</li><li>Whale activity and rising social buzz hint at growing support behind SHIBs recent price recover… [+2420 chars]",shiba inu
"{'id': None, 'name': 'Ambcrypto.com'}",Erastus Chami,"Shiba Inu’s 1,361% burn spike – Just a ‘flash in the pan’ moment?","Shiba Inu sees rising on-chain activity, but market imbalance may threaten breakout hopes.",https://ambcrypto.com/shiba-inus-1361-burn-spike-just-a-flash-in-the-pan-moment/,https://ambcrypto.com/wp-content/uploads/2025/04/Erastus-2025-04-24T151932.984-min-1000x600.png,2025-04-24T22:00:56Z,<ul><li>SHIBs burn rate spike and address growth hint at renewed user-driven momentum.</li><li>Shiba Inu’s Exchange Inflows and long liquidations expose risk despite bullish technical formation.</li>… [+2830 chars],shiba inu
"{'id': None, 'name': 'GlobeNewswire'}",Cheems project,"Cheems Memecoin Defies Global Economic Turmoil with Astonishing 3,541% Year-Over-Year Surge","NEW YORK, April 30, 2025 (GLOBE NEWSWIRE) -- In a stunning turn of events amid global financial uncertainty, Cheems ($CHEEMS), a lighthearted memecoin
 inspired by the iconic Shiba Inu character, has skyrocketed by 3,541% over the past year with its market c…",https://www.globenewswire.com/news-release/2025/04/30/3071053/0/en/Cheems-Memecoin-Defies-Global-Economic-Turmoil-with-Astonishing-3-541-Year-Over-Year-Surge.html,https://ml.globenewswire.com/Resource/Download/25c6d46a-358b-4618-a16d-a827a1af5aa5,2025-04-30T08:24:00Z,"NEW YORK, April 30, 2025 (GLOBE NEWSWIRE) -- In a stunning turn of events amid global financial uncertainty, Cheems ($CHEEMS), a lighthearted memecoin
 inspired by the iconic Shiba Inu character, ha… [+5036 chars]","shiba inu, memecoin"
"{'id': None, 'name': 'ZyCrypto'}",Guest Author,"Could Ruvi AI (RUVI) Be the Next 100x Crypto Gem Like Shiba? Analysts Predict 20,000% Price Increase During Altcoin Season","Shiba Inu (SHIB) has been a standout star in the meme coin universe, transforming from internet humor into a community-driven cryptocurrency powerhouse. With a current price of $0.00001685 and a market cap of $9.93 billion, SHIB recently grabbed headlines wit…",https://zycrypto.com/could-ruvi-ai-ruvi-be-the-next-100x-crypto-gem-like-shiba-analysts-predict-20000-price-increase-during-altcoin-season/,https://zycrypto.com/wp-content/uploads/2025/05/Could-Ruvi-AI-RUVI-Be-the-Next-100x-Crypto-Gem-Like-Shiba-Analysts-Predict-20000-Price-Increase-During-Altcoin-Season.jpg,2025-05-12T19:19:00Z,"Disclaimer: The below article is sponsored, and the views in it do not represent those of ZyCrypto. Readers should conduct independent research before taking any actions related to the project mentio… [+3648 chars]",shiba inu
"{'id': None, 'name': 'ZyCrypto'}",Guest Author,"Shiba Goes Up 19% in a Month, But Ruvi AI (RUVI) Is Expected to 100x Thanks to Early 100% Bonus","Shiba Inu (SHIB), a community-driven meme cryptocurrency, is trading at $0.0000142 as of today, reflecting its entrenched position among the top cryptocurrencies. Despite recent market fluctuations, Shiba Inu has maintained an impressive global community of 1…",https://zycrypto.com/shiba-inu-shib-goes-up-19-in-a-month-but-ruvi-ai-ruvi-is-expected-to-100x-thanks-to-early-100-bonus/,https://zycrypto.com/wp-content/uploads/2025/05/Could-Ruvi-AI-RUVI-Be-the-Next-100x-Crypto-Gem-Like-Shiba-Analysts-Predict-20000-Price-Increase-During-Altcoin-Season.jpg,2025-05-18T21:20:43Z,"Disclaimer: The below article is sponsored, and the views in it do not represent those of ZyCrypto. Readers should conduct independent research before taking any actions related to the project mentio… [+3277 chars]",shiba inu
"{'id': None, 'name': 'ZyCrypto'}",Guest Author,"BTC above 100k and meme coins surging, best meme coin for x100 potential, Pepe, Shiba, or Pepeto?","Shiba Inu and Pepe have become two of the most recognized meme coins, delivering huge profits to their earliest holders. Shiba Inu shot to fame by turning tiny stakes into massive fortunes, climbing over 80,000,000% from its initial price to its peak, marking…",https://zycrypto.com/btc-above-100k-and-meme-coins-surging-best-meme-coin-for-x100-potential-pepe-shiba-or-pepeto/,https://zycrypto.com/wp-content/uploads/2025/01/Will-PEPETO-Take-Over-as-BTC-and-ETH-ETFs-See-Massive-Outflows.jpg,2025-05-08T07:33:12Z,"Disclaimer: The below article is sponsored, and the views in it do not represent those of ZyCrypto. Readers should conduct independent research before taking any actions related to the project mentio… [+3201 chars]",shiba inu
"{'id': None, 'name': 'Ambcrypto.com'}",Gladys Makena,Shiba Inu whale activity collapses 66% – $0.000014 on the line,Whales vanish from Shiba Inu—what does this 66% collapse in activity mean for SHIB’s next move?,https://ambcrypto.com/shiba-inu-whale-activity-collapses-66-0-000014-on-the-line/,https://ambcrypto.com/wp-content/uploads/2025/05/Gladys-49-1000x600.jpg,2025-05-17T11:00:23Z,"<ul><li>Shiba Inu’s Large Transactions dropped 66.15% in 48 hours, hitting a 2-week low in whale activity.</li><li>If SHIB fails to close above $0.00001478, it could slide further to $0.00001387.</li… [+2686 chars]",shiba inu
"{'id': None, 'name': 'Ambcrypto.com'}",AMBCrypto Team,"SHIB Holder Losses Top 59% Amid Falling Retail Buzz, as Trader Momentum Shifts to XYZVerse and Its 4,988% Rally","As interest in SHIB declines among retail investors, more than half of its holders are […]",https://ambcrypto.com/shib-holder-losses-top-59-amid-falling-retail-buzz-as-trader-momentum-shifts-to-xyzverse-and-its-4988-rally/,https://ambcrypto.com/wp-content/uploads/2025/05/Screenshot-2025-05-09-011156.png,2025-05-08T19:45:23Z,"As interest in SHIB declines among retail investors, more than half of its holders are facing losses. Meanwhile, traders are turning their attention to XYZVerse, which has skyrocketed by an astonishi… [+3841 chars]",other
"{'id': None, 'name': 'ZyCrypto'}",Brian Njuguna,$0.001 Shiba Inu Price Crazily Expected as Shibarium Hits the 11 Million Block Milestone,"As Shiba Inu (SHIB) enjoys a two-fold increase on the monthly chart, the second-largest meme coin is eyeing a major leg up.",https://zycrypto.com/0-001-shiba-inu-price-crazily-expected-as-shibarium-hits-the-11-million-block-milestone/,https://zycrypto.com/wp-content/uploads/2024/04/0.001-SHIB-Price-Earthquake-Looks-Nigh-As-Shiba-Inu-Secures-12-Million-For-Its-New-Blockchain.jpg,2025-05-17T16:53:05Z,"As Shiba Inu (SHIB) enjoys a two-fold increase on the monthly chart, the second-largest meme coin is eyeing a major leg up.
According to crypto analyst Henry, With Shibarium adoption growing and agg… [+1328 chars]",shiba inu
"{'id': None, 'name': 'Biztoc.com'}",benzinga.com,Shiba Inu Drops 10% In 7 Days: What Is Going On?,"Shiba Inu (CRYPTO: SHIB) is down 10% over the past week but continues to attract bullish forecasts from traders, driven by its aggressive token burn rate and high concentration in whale holdings.
Cryptocurrency
Price 
Market Cap
24-Hour Trend
7-Day Trend
Shib…",https://biztoc.com/x/d544b7e6d4b30df9,https://biztoc.com/cdn/d544b7e6d4b30df9_s.webp,2025-05-05T12:26:53Z,"Shiba Inu (CRYPTO: SHIB) is down 10% over the past week but continues to attract bullish forecasts from traders, driven by its aggressive token burn rate and high concentration in whale holdings.Cryp… [+126 chars]",shiba inu
"{'id': None, 'name': 'Biztoc.com'}",benzinga.com,Shiba Inu Burns 46 Million SHIB In Single Day: What Is Going On?,"Shiba Inu (CRYPTO: SHIB) is showing renewed bullish momentum as consistent token burns and growing adoption of the Shibarium Layer 2 network fuel speculation of an explosive leg higher.
Cryptocurrency
Price 
Market Cap
24-Hour Trend
7-Day Trend
Shiba Inu (CRY…",https://biztoc.com/x/2dc4f20db37aba61,https://biztoc.com/cdn/2dc4f20db37aba61_s.webp,2025-05-14T14:32:52Z,Shiba Inu (CRYPTO: SHIB) is showing renewed bullish momentum as consistent token burns and growing adoption of the Shibarium Layer 2 network fuel speculation of an explosive leg higher.Cryptocurrency… [+137 chars],shiba inu
"{'id': None, 'name': 'Biztoc.com'}",benzinga.com,"XRP, Dogecoin, Shiba Inu Waiting To Pump: 'They Dominate Mindshare, They Can Lead In Culture,' Expert Says","Bitcoin‘s (CRYPTO: BTC) recent surge to an all-time high of $111,900 has reignited discussions about its market dominance and the potential implications for altcoins.
As Bitcoin’s dominance approaches 64%, analysts are closely monitoring whether this trend wi…",https://biztoc.com/x/6bf8019a00f4236c,https://biztoc.com/cdn/6bf8019a00f4236c_s.webp,2025-05-22T18:22:17Z,"Bitcoins (CRYPTO: BTC) recent surge to an all-time high of $111,900 has reignited discussions about its market dominance and the potential implications for altcoins.As Bitcoins dominance approaches 6… [+144 chars]","dogecoin, shiba inu"
"{'id': None, 'name': 'Biztoc.com'}",benzinga.com,Shiba Inu Drops 4%: What Is Going On?,"Despite forming a golden cross, Shiba Inu (CRYPTO: SHIB) is down 4% over the past 24 hours. 
Analysts say the pullback may be temporary, with strong technical signals and long-term bullish fundamentals building beneath the surface.
Cryptocurrency
Price 
Marke…",https://biztoc.com/x/3834fa05ec6dbc1a,https://biztoc.com/cdn/3834fa05ec6dbc1a_s.webp,2025-05-23T14:12:02Z,"Despite forming a golden cross, Shiba Inu (CRYPTO: SHIB) is down 4% over the past 24 hours. Analysts say the pullback may be temporary, with strong technical signals and long-term bullish fundamental… [+137 chars]",shiba inu
"{'id': None, 'name': 'Ambcrypto.com'}",Erastus Chami,"Shiba Inu burn rate surges 3,084% – Should traders expect a rally?","Despite the burn surge, lower market activity and rising reserves may hinder SHIB's short-term price action.",https://ambcrypto.com/shiba-inu-burn-rate-surges-3084-should-traders-expect-a-rally/,https://ambcrypto.com/wp-content/uploads/2025/04/Erastus-2025-04-28T093009.651-min-1000x600.png,2025-04-28T13:00:55Z,"<ul><li>SHIBs burn rate surged by 3084.6%, significantly reducing the circulating supply.</li><li>On-chain activity and exchange metrics suggest reduced market engagement and growing reserves.</li></… [+3670 chars]",shiba inu
"{'id': None, 'name': 'Coinjournal.net'}",Hassan Maishera,Bonk vs. PepeX: Which token will deliver a better ROI in 2025?,"Key takeaways  BONK has lost 40% of its value since the start of the year, while $PEPX will deliver a 300% ROI to early investors when it launches on exchanges. The PepeX presale has officially crossed $2.1 million and will enter a new stage once it hits $2.4…",https://coinjournal.net/news/bonk-vs-pepex-who-will-deliver-a-better-roi-in-2025/,https://coinjournal.net/wp-content/uploads/2025/05/bonk.png,2025-05-08T08:28:08Z,"Key takeaways 
<ul><li>BONK has lost 40% of its value since the start of the year, while $PEPX will deliver a 300% ROI to early investors when it launches on exchanges.</li><li>The PepeX presale has… [+3545 chars]",other
"{'id': None, 'name': 'ZyCrypto'}",Brian Njuguna,"Shiba Inu Burn Rate Explodes 17,930% as Analysts Cite 17X SHIB Price Rocket to $0.0002","Based on this analysis, Shiba Inu’s strong buy zone is expected to ignite high demand, which will help propel the meme coin to $0.00023.",https://zycrypto.com/shiba-inu-burn-rate-explodes-17930-as-analysts-cite-17x-shib-price-rocket-to-0-0002/,https://zycrypto.com/wp-content/uploads/2024/04/0.001-SHIB-Price-Earthquake-Looks-Nigh-As-Shiba-Inu-Secures-12-Million-For-Its-New-Blockchain.jpg,2025-05-23T21:16:42Z,"Thanks to its community-driven movement, Shiba Inu (SHIB) continues to propel the meme coin culture.
As a result, the second-largest meme coin is eyeing a major boost with the psychological price of… [+1555 chars]",shiba inu
"{'id': None, 'name': 'BusinessLine'}",Vallari Sanzgiri,"CoinSwitch holds 1:1 ratio in total assets of ₹2,764 crore","Following the WazirX attack in 2024, many folks in crypto-space were concerned of losing their assets in case of such hacking. A 1:1 or higher ratio encourages investment in cryptocurrency",https://www.thehindubusinessline.com/money-and-banking/cryptocurrency/coinswitch-holds-11-ratio-in-total-assets-of-2764-crore/article69545934.ece,https://bl-i.thgim.com/public/incoming/c3mswf/article69512959.ece/alternates/LANDSCAPE_1200/IMG_bl29_crypto_pic_2_1_RCD4C4A5.jpg,2025-05-07T05:30:00Z,"CoinSwitch holds 2,764.20 crore in total assets, including crypto holdings and liquid assets, with a reserve buffer of 625.56 crore over user holdings of 2,138.64 crore, as of March 31, 2025, as per … [+1960 chars]",other
"{'id': None, 'name': 'Coinjournal.net'}",Diya Poddar,Shiba Inu price up 32% in a month as Trump trade deals and burn data lift momentum,"Trump trade deal boosts overall crypto sentiment. Open Interest reaches $263 million. Analyst predicts SHIB could rise 4x from current levels. Shiba Inu is making a comeback after months of sluggish price action, with data showing a 32% increase over the past…",https://coinjournal.net/news/shiba-inu-price-up-32-in-a-month-as-trump-trade-deals-and-burn-data-lift-momentum/,https://coinjournal.net/wp-content/uploads/2025/05/image-37.png,2025-05-12T11:36:01Z,<ul><li>Trump trade deal boosts overall crypto sentiment.</li><li>Open Interest reaches $263 million.</li><li>Analyst predicts SHIB could rise 4x from current levels.</li></ul>Shiba Inu is making a c… [+2453 chars],shiba inu
"{'id': None, 'name': 'ZyCrypto'}",Arnold Kirimi,"XRP, Shiba Inu, Cardano, Solana Primed For Eruption as $3 Trillion Crypto Market Shows Altseason Awakening","Bitcoin (BTC) price has climbed above $95,000, XRP, Shiba Inu, Cardano, Solana, and many altcoins have gained roughly 5–13% over the past week​.",https://zycrypto.com/xrp-shiba-inu-cardano-solana-primed-for-eruption-as-3-trillion-crypto-market-shows-altseason-awakening/,https://zycrypto.com/wp-content/uploads/2024/06/XRP-Shiba-Inu-Cardano-ETFs-to-Reach-SECs-Table-Soon-As-Solana-Makes-Headway-Into-Wall-Street.jpg,2025-05-02T11:13:01Z,"Bitcoin (BTC) price has climbed above $95,000, XRP, Shiba Inu, Cardano, Solana, and many altcoins have gained roughly 513% over the past week. Analytics platform Santiment reports that the total cryp… [+3102 chars]",shiba inu
"{'id': None, 'name': 'Coinjournal.net'}",Diya Poddar,"Shiba Inu rallies 23%, yet whale exits and RSI trends suggest slowdown","Whale count down to 10,205 from 10,232 in 9 days. SHIB trading between $0.000014 support and $0.0000152 resistance. EMA flattening suggests paused bullish momentum. Shiba Inu (SHIB), the Ethereum-based meme coin, has gained 23% over the past month, reflecting…",https://coinjournal.net/news/shiba-inu-rallies-23-yet-whale-exits-and-rsi-trends-suggest-slowdown/,https://coinjournal.net/wp-content/uploads/2025/05/image-60.png,2025-05-19T11:56:58Z,"<ul><li>Whale count down to 10,205 from 10,232 in 9 days.</li><li>SHIB trading between $0.000014 support and $0.0000152 resistance.</li><li>EMA flattening suggests paused bullish momentum.</li></ul>S… [+3478 chars]",shiba inu
