,source,author,title,description,url,urlToImage,publishedAt,content,coin_tags,title_sentiment,description_sentiment,combined_sentiment
0,"{'id': None, 'name': 'Yahoo Entertainment'}",Bibhu Pattnaik,Forget Dogecoin And Shiba Inu — Crypto Analyst Sees This Coin Surging 100%,"A crypto analyst has forecasted a 100% increase for Pepe (CRYPTO: PEPE), a mid-cap competitor to Dogecoin (CRYPTO: DOGE) and Shiba Inu (CRYPTO: SHIB...",https://finance.yahoo.com/news/forget-dogecoin-shiba-inu-crypto-200209860.html,https://media.zenfs.com/en/benzinga_79/e6e8f4d70363567dcdafaee1d154aca4,2025-04-28T20:02:09Z,"Benzinga and Yahoo Finance LLC may earn commission or revenue on some items through the links below.
A crypto analyst has forecasted a 100% increase for Pepe (CRYPTO: PEPE), a mid-cap competitor to … [+2111 chars]","dogecoin, shiba inu",-0.2263,0.3182,0.04594999999999999
1,"{'id': None, 'name': 'CoinDesk'}",Omkar Godbole,"Shiba Inu Breaks Free From Downtrend as Bitcoin Eyes $100K, Dogecoin Sees Accumulation Around 18 Cents",Check what HUMINT and TECHINT has to say about the price trajectory of BTC and major meme coins.,https://www.coindesk.com/markets/2025/04/25/shiba-inu-breaks-free-from-downtrend-dogecoin-sees-accumulation-around-18-cents,https://cdn.sanity.io/images/s3y3vcno/production/5516ffa9b809126c39612f0ace496ff4562a9989-1500x814.png?auto=format,2025-04-25T13:03:46Z,"Bitcoin's (BTC) recent uptrend has likely set the stage for a six-figure price mark, catalyzing increased trading activity in the memecoin sector, where DOGE and SHIB are seeing bullish activity.
BT… [+2144 chars]","dogecoin, shiba inu",0.5106,0.0,0.2553
2,"{'id': None, 'name': 'Yahoo Entertainment'}",Khyathi Dalal,"Bitcoin, Ethereum, XRP, Dogecoin Grind Up On Tuesday As Traders Hope For 'Red Monday, Green Week'","The crypto market opened the week with volatility but is showing signs of strength, as Bitcoin rebounded to touch $105,000. Institutional adoption continues ...",https://finance.yahoo.com/news/bitcoin-ethereum-xrp-dogecoin-grind-180116957.html,https://media.zenfs.com/en/benzinga_79/f96605110159f4c82953a97a2ebfeb7f,2025-05-21T18:01:16Z,"Benzinga and Yahoo Finance LLC may earn commission or revenue on some items through the links below.
The crypto market opened the week with volatility but is showing signs of strength, as Bitcoin re… [+2376 chars]",dogecoin,0.4404,0.6486,0.5445
3,"{'id': None, 'name': 'Yahoo Entertainment'}",Khyathi Dalal,"Bitcoin, Ethereum, XRP, Dogecoin Open Green As China Announces Liquidity Injection Ahead Of Fed Interest Rate Decision","Major cryptocurrencies are seeing a green start to the week, buoyed by improving macro sentiment as markets await today's FOMC decision and ongoing U.S...",https://finance.yahoo.com/news/bitcoin-ethereum-xrp-dogecoin-open-204350151.html,https://media.zenfs.com/en/benzinga_79/c54815fabd9b2d70f8350c6a92cd96d6,2025-05-07T20:43:50Z,"Benzinga and Yahoo Finance LLC may earn commission or revenue on some items through the links below.
Major cryptocurrencies are seeing a green start to the week, buoyed by improving macro sentiment … [+3432 chars]",dogecoin,0.4588,0.4939,0.47635
4,"{'id': None, 'name': 'Bitcoinist'}",Scott Matherson,Why Is Dogecoin And Shiba Inu Surging Today?,"Dogecoin and Shiba Inu are surging today, providing a bullish outlook for the foremost meme coins, which have traded sideways for a while now. This price surge has come following developments on the macro side, which have provided some form of market clarity.…",https://bitcoinist.com/dogecoin-and-shiba-inu-surging/,https://bitcoinist.com/wp-content/uploads/2025/05/Dogecoin-from-iStock-2.jpg,2025-05-09T04:36:55Z,"Dogecoin and Shiba Inu are surging today, providing a bullish outlook for the foremost meme coins, which have traded sideways for a while now. This price surge has come following developments on the … [+2666 chars]","dogecoin, shiba inu",0.0,0.0,0.0
5,"{'id': None, 'name': 'newsBTC'}",Scott Matherson,Analyst Says This Dogecoin And Shiba Inu Contender Could See ‘Impulsive Move’,"Dogecoin and Shiba Inu remain the top leaders when it comes to meme coins, but others have been creeping up as fierce contenders over time. Back in 2021, when the original meme coin bull run started, the likes of FLOKI had crept up from the shadows to also be…",http://www.newsbtc.com/meme-coins/dogecoin-shiba-inu-contender/,https://www.newsbtc.com/wp-content/uploads/2024/08/GVRN4TqXEAAVZm0.jpg?fit=1920%2C1076,2025-05-23T07:00:59Z,"Strict editorial policy that focuses on accuracy, relevance, and impartiality
Created by industry experts and meticulously reviewed
The highest standards in reporting and publishing
Strict editori… [+2632 chars]","dogecoin, shiba inu",0.128,0.7935,0.46075
6,"{'id': None, 'name': 'Bitcoinist'}",Scott Matherson,This Dogecoin Rival Is Set For An Over 100% Pump – It’s Not Shiba Inu,"Crypto analyst The Alchemist has predicted that the Dogecoin rival Baby Doge is set for a price surge of over 100%. The analyst highlighted a bullish pattern for the meme coin, which could spark this price surge while other meme coins like Shiba Inu remain in…",https://bitcoinist.com/dogecoin-rival-100-pump/,https://bitcoinist.com/wp-content/uploads/2025/05/Dogecoin-from-Getty-Images-12.jpg,2025-05-02T04:45:57Z,"Crypto analyst The Alchemist has predicted that the Dogecoin rival Baby Doge is set for a price surge of over 100%. The analyst highlighted a bullish pattern for the meme coin, which could spark this… [+3028 chars]","dogecoin, shiba inu",0.0,0.5267,0.26335
7,"{'id': None, 'name': 'Yahoo Entertainment'}",Khyathi Dalal,"Bitcoin, Ethereum, XRP, Dogecoin Down As Sentiment Turns To Greed",Major cryptocurrencies are trading lower in early Thursday hours despite ongoing institutional demand and cooling inflation data. Sentiment has shifted...,https://finance.yahoo.com/news/bitcoin-ethereum-xrp-dogecoin-down-213158969.html,https://media.zenfs.com/en/benzinga_79/5621291d868a1c8d086f527d2f2ab6dd,2025-05-16T21:31:58Z,"Benzinga and Yahoo Finance LLC may earn commission or revenue on some items through the links below.
Major cryptocurrencies are trading lower in early Thursday hours despite ongoing institutional de… [+3213 chars]",dogecoin,-0.4019,-0.2095,-0.30569999999999997
8,"{'id': None, 'name': 'The Daily Hodl'}",Mark Emem,"Trader Says Dogecoin and Shiba Inu Rival Mirroring 2024 Pattern That Led to 370%+ Surge, Predicts 2x Rally","A widely followed crypto analyst and trader is leaning bullish on a mid-cap Dogecoin (DOGE) and Shiba Inu (SHIB) competitor. Pseudonymous analyst Altcoin Sherpa tells his 244,900 followers on the social media platform X that Pepe (PEPE) memecoin is primed to …",https://dailyhodl.com/2025/04/26/trader-says-dogecoin-and-shiba-inu-rival-mirroring-2024-pattern-that-led-to-370-surge-predicts-2x-rally/,https://dailyhodl.com/wp-content/uploads/2025/04/Rival-Mirroring-2024-Pattern.jpg,2025-04-26T13:30:11Z,"A widely followed crypto analyst and trader is leaning bullish on a mid-cap Dogecoin (DOGE) and Shiba Inu (SHIB) competitor.
Pseudonymous analyst Altcoin Sherpa tells his 244,900 followers on the so… [+1416 chars]","dogecoin, shiba inu, memecoin",0.0,0.0,0.0
9,"{'id': None, 'name': 'Biztoc.com'}",coindesk.com,"Shiba Inu Breaks Free From Downtrend as Bitcoin Eyes $100K, Dogecoin Sees Accumulation Around 18 Cents","Bitcoin's (BTC) recent uptrend has likely set the stage for a six-figure price mark, catalyzing increased trading activity in the memecoin sector, where DOGE and SHIB are seeing bullish activity.
BTC, the leading cryptocurrency by market value, briefly topped…",https://biztoc.com/x/26f9114ec259c9bb,https://biztoc.com/cdn/26f9114ec259c9bb_s.webp,2025-04-25T13:53:48Z,"Bitcoin's (BTC) recent uptrend has likely set the stage for a six-figure price mark, catalyzing increased trading activity in the memecoin sector, where DOGE and SHIB are seeing bullish activity.BTC,… [+143 chars]","dogecoin, shiba inu, memecoin",0.5106,0.5423,0.5264500000000001
10,"{'id': None, 'name': 'newsBTC'}",Scott Matherson,"Shiba Inu Price Closes 3rd Consecutive Green Week, Why This Analyst Predicts 1,479% Surge To ATHs","Despite not being in the spotlight recently like its counterpart Dogecoin, the Shiba Inu price has managed to exceed expectations and close three consecutive green weeks. The meme coin is showing signs of bullish continuation after a long stretch of consolida…",http://www.newsbtc.com/shiba-inu/shiba-inu-price-green-week/,https://www.newsbtc.com/wp-content/uploads/2024/06/Shiba-Inu-1.jpeg?fit=1792%2C1024,2025-04-28T06:00:45Z,"Scott Matherson is a prominent crypto writer at NewsBTC with a knack for capturing the pulse of the market, covering pivotal shifts, technological advancements, and regulatory changes with precision.… [+3106 chars]","dogecoin, shiba inu",0.0,0.3612,0.1806
11,"{'id': None, 'name': 'Biztoc.com'}",benzinga.com,'Dogecoin Killer' Shiba Inu Jumps 6%: What Is Going On?,"Shiba Inu's (CRYPTO: SHIB) significant rally over the past seven days and a new Shibarium DappStore launch could lead to a bullish run for the meme coin, traders are speculating.
Cryptocurrency
Price 
Market Cap
24-Hour Trend
7-Day Trend
Shiba Inu (CRYPTO: SH…",https://biztoc.com/x/23807b8e72d3ea30,https://biztoc.com/cdn/23807b8e72d3ea30_s.webp,2025-04-25T13:42:59Z,"Shiba Inu's (CRYPTO: SHIB) significant rally over the past seven days and a new Shibarium DappStore launch could lead to a bullish run for the meme coin, traders are speculating.CryptocurrencyPrice M… [+130 chars]","dogecoin, shiba inu",-0.6486,0.2023,-0.22314999999999996
12,"{'id': None, 'name': 'ZyCrypto'}",Olivia Brooke,"How Altcoins Exiting Exchanges Could Trigger the Next Boom for Ether, XRP, Solana, Cardano, Shiba Inu","Altcoins are preparing for a rally, and coins like Ether, XRP, Solana, Dogecoin, Cardano, and Shiba Inu are primed for a massive price surge.",https://zycrypto.com/how-altcoins-exiting-exchanges-could-trigger-the-next-boom-for-ether-xrp-solana-cardano-shiba-inu/,https://zycrypto.com/wp-content/uploads/2024/03/Altcoins-Are-About-to-Explode-—-Analyst-Prediction-For-Ether-Solana-XRP-Cardano-Shiba-Inu-PEPE.jpg,2025-05-23T17:33:29Z,"Altcoins are preparing for a rally, and as market participants observed, alternative coins like Ether, XRP, Solana, Dogecoin, Cardano, and Shiba Inu are primed for a massive price surge in the coming… [+1908 chars]","dogecoin, shiba inu",0.0,0.3612,0.1806
13,"{'id': None, 'name': 'Biztoc.com'}",benzinga.com,"Fartcoin Soars 10% In A Week, Outshining Dogecoin, Shiba Inu","Fartcoin (CRYPTO: FARTCOIN) is turning heads with a 10% rally over the past week, leaving meme coin heavyweights Dogecoin (CRYPTO: DOGE) and Shiba Inu (CRYPTO: SHIB) trailing behind.
Cryptocurrency
Price 
Market Cap
24-Hour Trend
7-Day Trend
Fartcoin
 $1.21
$…",https://biztoc.com/x/7ab0002a0ec43197,https://biztoc.com/cdn/930/og.png,2025-05-02T15:33:46Z,"Fartcoin (CRYPTO: FARTCOIN) is turning heads with a 10% rally over the past week, leaving meme coin heavyweights Dogecoin (CRYPTO: DOGE) and Shiba Inu (CRYPTO: SHIB) trailing behind.CryptocurrencyPri… [+132 chars]","dogecoin, shiba inu",0.0,0.0,0.0
14,"{'id': None, 'name': 'Biztoc.com'}",benzinga.com,"Shiba Inu Surges 5%, Burn Rate Explodes 4,833%: Has The Golden Bull Run Started?","Shiba Inu (CRYPTO: SHIB) has seen a dramatic jump in its burn rate alongside a 5% price spike, prompting traders to predict a renewed bull run.
Cryptocurrency
Price 
Market Cap
24-Hour Trend
7-Day Trend
Dogecoin (CRYPTO: DOGE)
$0.1841
$27.5 billion
+6.7%
+2.8…",https://biztoc.com/x/40bbc5210fe0b73f,https://biztoc.com/cdn/40bbc5210fe0b73f_s.webp,2025-05-08T13:17:11Z,"Shiba Inu (CRYPTO: SHIB) has seen a dramatic jump in its burn rate alongside a 5% price spike, prompting traders to predict a renewed bull run.CryptocurrencyPrice Market Cap24-Hour Trend7-Day TrendDo… [+127 chars]","dogecoin, shiba inu",0.0,0.0,0.0
15,"{'id': None, 'name': 'Biztoc.com'}",benzinga.com,Dogecoin Surges 5%: What Is Going On?,"Dogecoin (CRYPTO: DOGE) is up almost 5% on Thursday and bullish technical signals could extend the rally.
Cryptocurrency
Price 
Market Cap
24-Hour Trend
7-Day Trend
Dogecoin (CRYPTO: DOGE)
$0.1788
$26.7 billion
+4.9%
+2%
Shiba Inu (CRYPTO: SHIB)
$0.00001350
$…",https://biztoc.com/x/1e770a40788cd188,https://biztoc.com/cdn/1e770a40788cd188_s.webp,2025-05-01T15:20:27Z,Dogecoin (CRYPTO: DOGE) is up almost 5% on Thursday and bullish technical signals could extend the rally.CryptocurrencyPrice Market Cap24-Hour Trend7-Day TrendDogecoin (CRYPTO: DOGE)$0.1788$26.7 bill… [+131 chars],"dogecoin, shiba inu",0.0,0.1779,0.08895
16,"{'id': None, 'name': 'Biztoc.com'}",benzinga.com,"Dogecoin, Shiba Inu Surge Over 25% In 7 Days: What Is Going On?","Dogecoin (CRYPTO: DOGE) and Shiba Inu (CRYPTO: SHIB) have posted strong gains over the past week, rallying more than 25% as Bitcoin hovers near all-time highs, fueling momentum across the meme coin sector.
Cryptocurrency
Price 
24-Hour Trend
7-Day Trend
Dogec…",https://biztoc.com/x/1eeb4a130f6ef1ec,https://biztoc.com/cdn/1eeb4a130f6ef1ec_s.webp,2025-05-13T16:58:19Z,"Dogecoin (CRYPTO: DOGE) and Shiba Inu (CRYPTO: SHIB) have posted strong gains over the past week, rallying more than 25% as Bitcoin hovers near all-time highs, fueling momentum across the meme coin s… [+125 chars]","dogecoin, shiba inu",0.0,0.6908,0.3454
17,"{'id': None, 'name': 'Biztoc.com'}",benzinga.com,Dogecoin Teases 'Diamond Bottom' Reversal: Is A Breakout Imminent?,"After a stretch of muted price action, Dogecoin (CRYPTO: DOGE) may be gearing up for a trend reversal, cushioned by positive ecosystem developments.
Cryptocurrency
Price 
Market Cap
24-Hour Trend
7-Day Trend
Dogecoin (CRYPTO: DOGE)
$0.1672
$24.9 billion
-2.2%…",https://biztoc.com/x/03dbf62fcfa049c4,https://biztoc.com/cdn/03dbf62fcfa049c4_s.webp,2025-05-06T19:04:21Z,"After a stretch of muted price action, Dogecoin (CRYPTO: DOGE) may be gearing up for a trend reversal, cushioned by positive ecosystem developments.CryptocurrencyPrice Market Cap24-Hour Trend7-Day Tr… [+134 chars]",dogecoin,0.0516,0.5574,0.3045
18,"{'id': None, 'name': 'Bitcoinist'}",Scott Matherson,Crypto Analyst Says Dogecoin Is Repeating History – Here’s What Happened,"The Dogecoin price has failed to revisit its all-time high of 2021 and is, in fact, trading 75% below its $0.73 ATH after a series of crashes rocked the crypto market. These crashes were spurred by US President Donald Trump declaring an all-out tariff war. In…",https://bitcoinist.com/dogecoin-is-repeating-history/,https://bitcoinist.com/wp-content/uploads/2024/03/Dogecoin_0547cf.webp,2025-04-25T12:00:30Z,"The Dogecoin price has failed to revisit its all-time high of 2021 and is, in fact, trading 75% below its $0.73 ATH after a series of crashes rocked the crypto market. These crashes were spurred by U… [+3009 chars]",dogecoin,0.0,-0.802,-0.401
19,"{'id': None, 'name': 'Biztoc.com'}",benzinga.com,Dogecoin Surges 17% On The Week: What Is Going On?,"Dogecoin (CRYPTO: DOGE) is up 17% on the week and several analysts are eyeing a continuation of the rally.
Cryptocurrency
Price 
Market Cap
24-Hour Trend
7-Day Trend
Dogecoin (CRYPTO: DOGE)
 $0.1830
$27.3 billion
+3.5% 
+17.3% 
Shiba Inu (CRYPTO: SHIB)
 $0.00…",https://biztoc.com/x/df3b0ecd63ce01cb,https://biztoc.com/cdn/df3b0ecd63ce01cb_s.webp,2025-04-25T15:00:10Z,Dogecoin (CRYPTO: DOGE) is up 17% on the week and several analysts are eyeing a continuation of the rally.CryptocurrencyPrice Market Cap24-Hour Trend7-Day TrendDogecoin (CRYPTO: DOGE)$0.1830$27.3 bil… [+127 chars],"dogecoin, shiba inu",0.0,0.0,0.0
20,"{'id': None, 'name': 'Biztoc.com'}",benzinga.com,Dogecoin Down 1% But This Pattern Signals A Breakout Is Imminent,"Dogecoin (CRYPTO: DOGE) is catching traders' attention again as its current price action closely resembles a major historical pattern that led to explosive gains in the past.
Cryptocurrency
Price 
24-Hour Trend
7-Day Trend
Dogecoin (CRYPTO: DOGE)
$0.2282
-1.2…",https://biztoc.com/x/584dfbf8af827b5d,https://biztoc.com/cdn/584dfbf8af827b5d_s.webp,2025-05-15T18:23:58Z,Dogecoin (CRYPTO: DOGE) is catching traders' attention again as its current price action closely resembles a major historical pattern that led to explosive gains in the past.CryptocurrencyPrice 24-Ho… [+136 chars],dogecoin,0.0,0.34,0.17
21,"{'id': None, 'name': 'Biztoc.com'}",benzinga.com,"Floki Soars 78% In A Month, Outpaces Dogecoin and Shiba Inu: What's Next?","Floki (CRYPTO: FLOKI) is continuing its explosive momentum, gaining 78% over the past month, which outpaces Dogecoin's 40% and Shiba Inu's 18% gains in the same timeframe.
Cryptocurrency
Price 
Market Cap
24-Hour Trend
7-Day Trend
Floki (CRYPTO: FLOKI)
 $0.00…",https://biztoc.com/x/4d3b762208d566d1,https://biztoc.com/cdn/4d3b762208d566d1_s.webp,2025-05-22T17:09:03Z,"Floki (CRYPTO: FLOKI) is continuing its explosive momentum, gaining 78% over the past month, which outpaces Dogecoin's 40% and Shiba Inu's 18% gains in the same timeframe.CryptocurrencyPrice Market C… [+120 chars]","dogecoin, shiba inu",0.0,0.6369,0.31845
22,"{'id': None, 'name': 'Biztoc.com'}",benzinga.com,"Dogecoin Surges 11% As Market Optimism, Trade Deal Boost Risk Assets","Dogecoin (CRYPTO: DOGE), the popular cryptocurrency originally created as a parody of Bitcoin in 2013, is trading higher by 11% Thursday afternoon, reaching the $0.191 level.
What To Know: Designed as a lighthearted alternative to traditional cryptocurrencies…",https://biztoc.com/x/ed6b3c8145bf1651,https://biztoc.com/cdn/ed6b3c8145bf1651_s.webp,2025-05-08T19:07:59Z,"Dogecoin (CRYPTO: DOGE), the popular cryptocurrency originally created as a parody of Bitcoin in 2013, is trading higher by 11% Thursday afternoon, reaching the $0.191 level.What To Know: Designed as… [+146 chars]",dogecoin,0.7003,0.8126,0.7564500000000001
23,"{'id': None, 'name': 'Ambcrypto.com'}",Samyukhtha L KM,Dogecoin’s price stalls even as traders bet big – Mapping DOGE’s road ahead,Futures data says DOGE is ready for a big move.,https://ambcrypto.com/dogecoins-price-stalls-even-as-traders-bet-big-mapping-doges-road-ahead/,https://ambcrypto.com/wp-content/uploads/2025/05/Samyukhtha-18-1-1000x600.webp,2025-05-14T13:00:24Z,"<ul><li>Dogecoin, Pepe, and dogwifhat saw major gains, showing a renewed interest in memecoins.</li><li>Despite price dips, bullish sentiment remains strong across most top-performing meme tokens thi… [+2219 chars]",dogecoin,0.0,0.3612,0.1806
24,"{'id': None, 'name': 'Biztoc.com'}",benzinga.com,"Pepe Jumps 14%, Outpaces Dogecoin, Shiba Inu As Meme Coins Roar","Pepe's (CRYPTO: PEPE) is up 45% over th past week, grabbing attention as trading volume overtook Shiba Inu (CRYPTO: SHIB) and price performance edged ahead of both SHIB and Dogecoin (CRYPTO: DOGE).
Cryptocurrency
Price 
Market Cap
24-Hour Trend
7-Day Trend
Pe…",https://biztoc.com/x/a92f53ccff3b8feb,https://biztoc.com/cdn/a92f53ccff3b8feb_s.webp,2025-05-08T16:25:50Z,"Pepe's (CRYPTO: PEPE) is up 45% over th past week, grabbing attention as trading volume overtook Shiba Inu (CRYPTO: SHIB) and price performance edged ahead of both SHIB and Dogecoin (CRYPTO: DOGE).Cr… [+123 chars]","dogecoin, shiba inu",0.0,0.0,0.0
25,"{'id': None, 'name': 'Biztoc.com'}",benzinga.com,Forget Dogecoin And Shiba Inu — Crypto Analyst Sees This Coin Surging 100%,"A crypto analyst has forecasted a 100% increase for Pepe (CRYPTO: PEPE), a mid-cap competitor to Dogecoin (CRYPTO: DOGE) and Shiba Inu (CRYPTO: SHIB), reflecting a trend from 2024.
What Happened: The anonymous analyst known as Altcoin Sherpa shared on X that …",https://biztoc.com/x/6a921b071d3dde51,https://biztoc.com/cdn/930/og.png,2025-04-27T16:28:50Z,"A crypto analyst has forecasted a 100% increase for Pepe (CRYPTO: PEPE), a mid-cap competitor to Dogecoin (CRYPTO: DOGE) and Shiba Inu (CRYPTO: SHIB), reflecting a trend from 2024.What Happened: The … [+142 chars]","dogecoin, shiba inu",-0.2263,0.5719,0.17279999999999998
26,"{'id': None, 'name': 'Biztoc.com'}",benzinga.com,"Popcat Surges 17% In A Day — Trader Predicts Explosive Move To $1, Outpacing Dogecoin, Shiba Inu","Popcat (CRYPTO: POPCAT) has jumped 17% in a day, reigniting the meme coin mania as traders expect it to chase meme heavyweights Dogecoin (CRYPTO: DOGE) and Shiba Inu (CRYPTO: SHIB).
What Happened: Crypto trader Unipcs revealed he’s up seven figures on his Pop…",https://biztoc.com/x/4415f4c3f8d81380,https://biztoc.com/cdn/4415f4c3f8d81380_s.webp,2025-05-08T19:07:45Z,"Popcat (CRYPTO: POPCAT) has jumped 17% in a day, reigniting the meme coin mania as traders expect it to chase meme heavyweights Dogecoin (CRYPTO: DOGE) and Shiba Inu (CRYPTO: SHIB).What Happened: Cry… [+141 chars]","dogecoin, shiba inu",0.0,0.0,0.0
27,"{'id': None, 'name': 'Biztoc.com'}",benzinga.com,"Pepe Rallies 40% In 7 Days Outpaces Dogecoin, Shiba Inu: What's Next?","Pepe (CRYPTO: PEPE) has jumped over 40% in the last week, but traders are split on whether this rally has more room to run or if a correction is imminent.
Cryptocurrency
Price 
Market Cap
24-Hour Trend
7-Day Trend
Pepe (CRYPTO: PEPE)
$0.00001358
$5.7 billion
…",https://biztoc.com/x/d6afa0e58dba6961,https://biztoc.com/cdn/d6afa0e58dba6961_s.webp,2025-05-15T14:42:54Z,"Pepe (CRYPTO: PEPE) has jumped over 40% in the last week, but traders are split on whether this rally has more room to run or if a correction is imminent.CryptocurrencyPrice Market Cap24-Hour Trend7-… [+137 chars]","dogecoin, shiba inu",0.0,0.0,0.0
28,"{'id': None, 'name': 'Biztoc.com'}",benzinga.com,"Fartcoin Leads Meme Coin Rally Ahead Of Dogecoin, Shiba Inu: Is $2 Next?","Fartcoin (CRYPTO: FARTCOIN) is leading the latest meme coin charge, surging 18% in 24 hours, as traders eye a run to $2 in the near term.
Cryptocurrency
Price 
Market Cap
24-Hour Trend
7-Day Trend
Fartcoin (CRYPTO: FARTCOIN)
 $1.53
$1.53 billion
 +17.9%
+19.1…",https://biztoc.com/x/f7a8569f746db980,https://biztoc.com/cdn/f7a8569f746db980_s.webp,2025-05-22T13:06:32Z,"Fartcoin (CRYPTO: FARTCOIN) is leading the latest meme coin charge, surging 18% in 24 hours, as traders eye a run to $2 in the near term.CryptocurrencyPrice Market Cap24-Hour Trend7-Day TrendFartcoin… [+131 chars]","dogecoin, shiba inu",0.0,0.0,0.0
29,"{'id': None, 'name': 'Biztoc.com'}",benzinga.com,"Floki Jumps 23% In 7 Days: What's Powering The Relative Strength Against Dogecoin, Shiba Inu?","Floki (CRYPTO: FLOKI) is up 7% in the past 24 hours and 23% over the past 30 days, showing notable relative strength, with traders and analysts pointing to bullish momentum, fresh utility and key partnerships as drivers.
Cryptocurrency
Price 
Market Cap
24-Ho…",https://biztoc.com/x/ebe41bb320a893b0,https://biztoc.com/cdn/ebe41bb320a893b0_s.webp,2025-04-30T15:13:37Z,"Floki (CRYPTO: FLOKI) is up 7% in the past 24 hours and 23% over the past 30 days, showing notable relative strength, with traders and analysts pointing to bullish momentum, fresh utility and key par… [+138 chars]","dogecoin, shiba inu",0.4939,0.6705,0.5822
30,"{'id': None, 'name': 'Biztoc.com'}",benzinga.com,"Pepe Pops 30%, Leapfrogs Meme Veterans Dogecoin, Shiba Inu In Trading Volume And Momentum","Pepe (CRYPTO: PEPE) has exploded for a 30% gain, triggering a wave of liquidations and whale activity; traders are now eyeing a massive weekend ahead for the meme coin.
Cryptocurrency
Price 
Market Cap
24-Hour Trend
7-Day Trend
Pepe (CRYPTO: PEPE)
$0.00001252…",https://biztoc.com/x/2f80e236fed55c41,https://biztoc.com/cdn/2f80e236fed55c41_s.webp,2025-05-09T16:22:55Z,"Pepe (CRYPTO: PEPE) has exploded for a 30% gain, triggering a wave of liquidations and whale activity; traders are now eyeing a massive weekend ahead for the meme coin.CryptocurrencyPrice Market Cap2… [+116 chars]","dogecoin, shiba inu",0.0,0.5267,0.26335
31,"{'id': None, 'name': 'Biztoc.com'}",benzinga.com,"Floki Rallies 16% Outperforming Dogecoin, Shiba Inu: How High Can It Go?","Floki (CRYPTO: FLOKI) has rallied 16% in the last 24 hours for a 39% gain over the past week. Growing hype around the upcoming launch of the Floki ETP is prompting traders to flip bullish.
Cryptocurrency
Price 
Market Cap
24-Hour Trend
7-Day Trend
Floki (CRYP…",https://biztoc.com/x/b95ea56a7d179d07,https://biztoc.com/cdn/b95ea56a7d179d07_s.webp,2025-04-25T12:03:36Z,Floki (CRYPTO: FLOKI) has rallied 16% in the last 24 hours for a 39% gain over the past week. Growing hype around the upcoming launch of the Floki ETP is prompting traders to flip bullish.Cryptocurre… [+139 chars],"dogecoin, shiba inu",0.0,0.6249,0.31245
32,"{'id': None, 'name': 'Biztoc.com'}",benzinga.com,"Dogecoin, Shiba Inu Spike But Floki And Bonk Are Stars Of Monday's Meme Rally","Memecoins were up in the green Monday overnight, with Floki and Bonk leading the charge following Bitcoin's (CRYPTO: BTC) reclaim of $95,000.
What happened: Ethereum (CRYPTO: ETH)-based FLOKI hit a two-month high of $0.00009044 late in the evening, representi…",https://biztoc.com/x/7e946de0cb534cdb,https://biztoc.com/cdn/930/og.png,2025-04-29T03:26:06Z,"Memecoins were up in the green Monday overnight, with Floki and Bonk leading the charge following Bitcoin's (CRYPTO: BTC) reclaim of $95,000.What happened: Ethereum (CRYPTO: ETH)-based FLOKI hit a tw… [+146 chars]","dogecoin, shiba inu, memecoin",0.0,0.0,0.0
33,"{'id': None, 'name': 'Biztoc.com'}",benzinga.com,"Scottie Pippen Declares 'Altcoin Season' As Ethereum, XRP, Dogecoin, Shiba Inu Rally","Altcoins are surging as Bitcoin dominance pulls back, suggesting a renewed flow of capital into Ethereum and the broader altcoin market. Celebrity interest is also heating up, adding fuel to the narrative.
What Happened: Six-time NBA champion Scottie Pippen j…",https://biztoc.com/x/bfa63930338be30c,https://biztoc.com/cdn/bfa63930338be30c_s.webp,2025-05-12T17:13:04Z,"Altcoins are surging as Bitcoin dominance pulls back, suggesting a renewed flow of capital into Ethereum and the broader altcoin market. Celebrity interest is also heating up, adding fuel to the narr… [+146 chars]","dogecoin, shiba inu",0.0,0.8271,0.41355
34,"{'id': None, 'name': 'Biztoc.com'}",benzinga.com,Pepe Up 3% As 'Dogecoin Millionaire' Says It May Become 'The Best Trade Of My Life',"Pepe (CRYPTO: PEPE) is drawing serious attention from high-profile traders as its metrics and momentum surge.
Cryptocurrency
Price 
Market Cap
24-Hour Trend
7-Day Trend
Pepe (CRYPTO: PEPE)
 $0.00001497
$6.3 billion
+3% 
+10% 
Dogecoin (CRYPTO: DOGE)
 $0.2374
…",https://biztoc.com/x/3d17b74b51176fc4,https://biztoc.com/cdn/3d17b74b51176fc4_s.webp,2025-05-23T15:51:41Z,Pepe (CRYPTO: PEPE) is drawing serious attention from high-profile traders as its metrics and momentum surge.CryptocurrencyPrice Market Cap24-Hour Trend7-Day TrendPepe (CRYPTO: PEPE)$0.00001497$6.3 b… [+127 chars],dogecoin,0.6369,-0.0772,0.27985
35,"{'id': None, 'name': 'ZyCrypto'}",Aliyu Pokima,"$1 Trillion Bull Storm Projected for Dogecoin, XRP, Solana, Cardano, Shiba Inu as Traders Lock-In New Highs",Projections for a $1 DOGE price resurface with holders drawing lines with leading altcoins ahead of the next cycle.,https://zycrypto.com/1-trillion-bull-storm-projected-for-dogecoin-xrp-solana-cardano-shiba-inu-as-traders-lock-in-new-highs/,https://zycrypto.com/wp-content/uploads/2024/07/Bitcoin-Ether-XRP-Solana-Cardano-Shiba-Inu-Braced-For-Explosive-4-Trillion-Storm.jpg,2025-05-09T14:48:26Z,A Dogecoin trader has flagged an imminent breakout in the assets price this month. This is hinged on bulls maintaining recent pressure past the $0.2 resistance to trigger a larger climb. Projections … [+2133 chars],"dogecoin, shiba inu",0.0,0.0,0.0
36,"{'id': None, 'name': 'Biztoc.com'}",benzinga.com,"XRP, Dogecoin, Shiba Inu Waiting To Pump: 'They Dominate Mindshare, They Can Lead In Culture,' Expert Says","Bitcoin‘s (CRYPTO: BTC) recent surge to an all-time high of $111,900 has reignited discussions about its market dominance and the potential implications for altcoins.
As Bitcoin’s dominance approaches 64%, analysts are closely monitoring whether this trend wi…",https://biztoc.com/x/6bf8019a00f4236c,https://biztoc.com/cdn/6bf8019a00f4236c_s.webp,2025-05-22T18:22:17Z,"Bitcoins (CRYPTO: BTC) recent surge to an all-time high of $111,900 has reignited discussions about its market dominance and the potential implications for altcoins.As Bitcoins dominance approaches 6… [+144 chars]","dogecoin, shiba inu",-0.128,0.3818,0.12689999999999999
